sun_ahhomtyduaznebgb.json,69
sun_axcbspaxpiuudsrj.json,76
sun_basxvntdnejtfrax.json,37
sun_adpzebscgacjxyen.json,72
sun_avelkfeereflolze.json,84
sun_brsdkexwimqtmrcz.json,50
sun_afjofbpiualrfwlz.json,60
sun_bgrqtwqvlhdxwwea.json,55
sun_bfcrnwsmlvpuvrup.json,38
sun_antoqmxbzqzqoojy.json,90
sun_bzfptpieotexksdl.json,15
sun_bbqgnovfdferpqba.json,31
sun_bsoslkyvaokenrgf.json,39
sun_accirjnqxfbbwdry.json,44
sun_bmladklyprzymgoo.json,38
sun_adiiwobvrdhntvfx.json,61
sun_adqmgymlumduelnn.json,92
sun_bdnwochpwbdqtgbk.json,61
sun_amttmxsdbjiocycj.json,61
sun_afyrjzbnuspcoxgk.json,56
sun_bmmrzsqdlahcrzbq.json,46
sun_appcjzysrguvszsp.json,70
sun_baxoguwltnvnmyqc.json,70
sun_akxcpkquuuxdiqwv.json,72
sun_biiythptvxpbfwkr.json,56
sun_bxlbhoirpbrfqrhu.json,46
sun_agthkmaroyhaonur.json,105
sun_bjdftnlhsazvmjuy.json,50
sun_bnivvogrgljoztzg.json,40
sun_aglwwpjrtjdgrbsy.json,88
sun_auogkabgngfqqkaw.json,64
sun_brvopxqzbbmiggcc.json,62
sun_bwgoyohsqmxbyjxg.json,44
sun_bagmxxfdodupvbxd.json,67
sun_bbhabvbnyjdrklgv.json,47
sun_bhkqfzorgmtudjqn.json,15
sun_bmzcfgknkdaagvsb.json,43
sun_bmxpjbpotjqqjjte.json,55
sun_aekkynucosyodgdj.json,15
sun_bapmctishqwpgofk.json,36
sun_bsdjslgvpavusora.json,34
sun_bhtzlfresphagrgm.json,36
sun_bqwyqxdaewccspxe.json,33
sun_bqgfmjgjfxofyzwl.json,42
sun_beunofunoksbpwlq.json,58
sun_bbeepcwmuijibnuh.json,89
sun_blsbqavnfjjeugvw.json,31
sun_ajoobuvknzvshwzw.json,25
sun_aybradebkrmiljuk.json,100
sun_aqhdakwaodlhqhdl.json,47
sun_brstqndatwxkukya.json,17
sun_azwfdxsicdvgpbbg.json,76
sun_bdntgozxsjbuxxhy.json,64
sun_bacxjdyothvyafjs.json,71
sun_azuyiwoejycfgxif.json,73
sun_aciofoesudrskhdm.json,63
sun_aakrykgxfqjyunvq.json,100
sun_bvcdcqtuostypbbu.json,49
sun_bdfzbvthkewjkagc.json,10
sun_bdfwelxqhaufzyqb.json,70
sun_buqvakgmwhpaevfv.json,85
sun_alcrgfmnthjmdeew.json,42
sun_aoqkmjxwlivgbkhq.json,45
sun_bhratbdkkxrwhtew.json,76
sun_bvpzqefurpkmarxx.json,29
sun_adysrrgnddvmloix.json,74
sun_blegzvkseullxigg.json,23
sun_bqpxjdxxzsiisofx.json,35
sun_axbfuzwwzgccieam.json,58
sun_aaotjvucbfgmtzjj.json,81
sun_adbmrbyhsdystkhh.json,46
sun_aixfvvnrylnrlhzf.json,52
sun_acoxbobhnhxypste.json,23
sun_amzkvfakckwocslk.json,57
sun_azaoqtpxyqxsaelb.json,34
sun_ajxqlzmoovksgjbl.json,52
sun_bcaukzkjryumtcch.json,36
sun_bmkqtwsupjiixbkl.json,52
sun_bottkgfvxdezqdge.json,35
sun_befrbcslctncdtls.json,56
sun_ayalfiumstdpfnni.json,39
sun_bbifggebenswicin.json,50
sun_bnhdzzzqipffswva.json,57
sun_ajbpuqtgjfnvkjvn.json,43
sun_amzglrkivnzzcqvv.json,76
sun_auabjyowhptjcuzi.json,30
sun_aulusxykphxgwdtw.json,38
sun_bcitpvpnzgwcftug.json,20
sun_agyxzigdrogkojwm.json,27
sun_awujbiersxtndtca.json,83
sun_bfirzspexnmwjlyb.json,19
sun_affxuywoiiynvatr.json,55
sun_bzbsfohnoxeimmzi.json,10
sun_bkzzhyuyqjksqovd.json,9
sun_addggdwpymsbbyak.json,60
sun_aehkkaenyyjnewst.json,43
sun_bjmrycupxchbnthf.json,41
sun_bfyjotseuhewmrdx.json,17
sun_bgrtuuupzgpvjnbl.json,51
sun_asyugaozqgpyoilt.json,50
sun_bstgayeytugamcqh.json,25
sun_bkrnneadgjiacrsp.json,12
sun_atibjtzuhjtfxauq.json,42
sun_blmnxyehvcnlcixy.json,16
sun_bkxomboxzphxtmfg.json,22
sun_bzlzamvegzzipimi.json,58
sun_arinhqnywjqrtrhf.json,89
sun_bbkhtcuungbqabdl.json,22
sun_bcbqdmqfztkhxkad.json,17
sun_aalvhwdpyoipnzzy.json,69
sun_brmgtdhdcqcmjtzw.json,64
sun_asvogfgqcihmbuhy.json,61
sun_byokccltytynzvbk.json,46
sun_bgfurnmznsjcdbae.json,32
sun_bovpnolhvmqpdgib.json,35
sun_bdpknkavyulbibnl.json,29
sun_bciwhkffbduessdt.json,40
sun_abmhxsodaptaogbq.json,59
sun_bpzavdyipbuhavud.json,12
sun_aqxypnffmypblepf.json,59
sun_beatpransojiqtei.json,60
sun_bjrpxszcjhnqeaiw.json,68
sun_aapyhvdueagtxhar.json,66
sun_bhicdswlyikaabeq.json,49
sun_aelpnoofufvvqqhf.json,79
sun_bgemqswtqpaumisk.json,56
sun_aygkoljubkyhhycy.json,50
sun_atvttihupkekrxgr.json,55
sun_bgpskymwmztwqbgl.json,15
sun_arravjnrnptmyogs.json,70
sun_bumqfbcpqksfbges.json,20
sun_bkbbiytpekwrkgsw.json,57
sun_bughckodglpirnxy.json,86
sun_astltvyqbctixvfw.json,65
sun_acgxyyrqtufcunpm.json,67
sun_amanjegobfvstisf.json,64
sun_boxgnulphxuwuhts.json,30
sun_bbrxjlbkfmnjtxiz.json,63
sun_bfgthdpzwpuxxcpe.json,45
sun_bhqgdzyflgmvvpmt.json,58
sun_autidzdyhpcmuyrb.json,88
sun_aesovualhburmfhn.json,48
sun_agbvcebowhqfaqoz.json,52
sun_apdyivawxenhdhww.json,88
sun_acfgivghaydjibik.json,10
sun_arcfpjlzezoavbui.json,25
sun_adtlxwqzwmxiqykx.json,78
sun_acgxzrlwjgdzipip.json,122
sun_blekfgbyzypowciv.json,59
sun_acvfpwuanalbvjax.json,77
sun_bazxhypptopnojkw.json,60
sun_amuxhqcdvdyjslqr.json,120
sun_brwkzzrexqoahgfg.json,59
sun_asykklbjstjuyewv.json,25
sun_bbnmkzdnscvcaaaq.json,56
sun_abysfcvgcetptqxa.json,57
sun_beabfigygxshxlfh.json,34
sun_ajvylnkvejnlprts.json,68
sun_admopryvcnujmcez.json,75
sun_aqbhoghqvecjvohh.json,18
sun_bfxcfeevxaeqmncf.json,53
sun_actnsdjpqgtzjwcw.json,93
sun_bgchhqpsdjqwmrcb.json,19
sun_bbfvixdygbpxvyko.json,29
sun_aiplotqctietyzng.json,72
sun_auosbzpqsutlkuyn.json,33
sun_bkwiazejssjfvesw.json,47
sun_bhffvmcpchbklpdx.json,49
sun_bpizyuxgnkkgbhoc.json,28
sun_aqzpnmfqtgrpoczc.json,63
sun_anaaafpyeqdsnimg.json,95
sun_asqsfiqlmgyuimud.json,63
sun_aamidmlrrdfdnbgl.json,98
sun_afvltdcefngzbust.json,79
sun_bgjytsucreqesmlo.json,34
sun_bagsogdyzikrwoja.json,22
sun_arysrbyajtisgfcx.json,16
sun_ajrwezxmmjejxsbt.json,72
sun_aglnpsacqwglzesa.json,118
sun_aarrcygkwuzaeiuk.json,78
sun_bzjdnotizomfsdad.json,20
sun_bdjyjupowtqakfmu.json,57
sun_adbqeafhnziimllv.json,78
sun_bafursrpkimodzup.json,58
sun_biykzjtenhddsxdc.json,52
sun_aevezokbkeojznwq.json,70
sun_bewsiexlgmunlxps.json,36
sun_blfhgrehecmwbptm.json,19
sun_bltpodkxbcoxzsbw.json,54
sun_bpjnivyshuqatjzn.json,13
sun_banlwnpqndclffxt.json,11
sun_bgotxhymxahzhjub.json,35
sun_aydvvhqombqloffb.json,69
sun_ajjktnfzwntvwsfh.json,52
sun_bzwwygxzfnzcejmu.json,35
sun_bfouonyltkukjxbm.json,32
sun_aqtwemskfyhpopqf.json,61
sun_barzathtxpurptlp.json,59
sun_aesgvyjjesleubcl.json,57
sun_bikuicptxwraioci.json,38
sun_barxnwyebwxvhlaz.json,63
sun_aeeumyhcmdtyfovv.json,68
sun_bmwohircuibatcju.json,80
sun_bgssxvcsdrinsvka.json,56
sun_bzbjprpgglgregsp.json,43
sun_apdohjhuiiwwbtsr.json,35
sun_advkvazcsyvkumig.json,89
sun_bfrcsrcxquhgcnux.json,32
sun_bqhobttwnrvzcrce.json,25
sun_blyqrgqcdbyyyhkh.json,29
sun_amxfosiviwaocwcg.json,55
sun_agkrxexrskvqvcaa.json,88
sun_bhgmkeqkoxjscsxb.json,65
sun_acrjbaqsglaoxven.json,101
sun_bkndlzaanugxpvaq.json,12
sun_abhagkrdtsffboqc.json,39
sun_agjhddbulpifowlv.json,94
sun_bumirzuvsptmwbzc.json,69
sun_bdlmffiaizqlxoxd.json,49
sun_bonuhbnylxnbdkoc.json,30
sun_arijfafjbpwwwucr.json,37
sun_bpstejdilgvvzwsl.json,20
sun_bukzvwbkvedjexbe.json,92
sun_bqtreizbpeoqbpch.json,42
sun_byqgoskwpvsbllvy.json,55
sun_bjjqiwfyymursref.json,44
sun_bgolblaywgetaidf.json,56
sun_ajzouurcdlugixmf.json,56
sun_admfflktpyhrmrgo.json,75
sun_boxqwdzhtrxrgthw.json,65
sun_aofyuejouqtbyooo.json,102
sun_abhgxjqmsyeptisq.json,113
sun_ainxgwmberxsrkej.json,59
sun_bwnvqkvpyqgkmtcm.json,31
sun_aleymscxsisnveqp.json,24
sun_bhhmdgoibwgubpgy.json,59
sun_acfvvjmfvmeiplkx.json,75
sun_adfoijwzcmcxweiq.json,66
sun_ajbphdqxyiykpfzz.json,52
sun_atnfqcmathixmjow.json,16
sun_bauwwrjuuziquijw.json,24
sun_baigtkrwgvvbtjxj.json,57
sun_aldlswjamivyakzj.json,95
sun_alshfwudkoqnqype.json,22
sun_acnxqvumxuhphsox.json,55
sun_amagqndvvlvclvaa.json,84
sun_buafswvgufxcovce.json,54
sun_bvzizycgbeghlfci.json,27
sun_ateoptjjakachbou.json,55
sun_afwoegcwhuwpubly.json,17
sun_bndbkdzixliunlbz.json,57
sun_adhfdpqdtxovgeaw.json,44
sun_arthzeaduktgynev.json,71
sun_bpecobmqqpzhejbj.json,45
sun_bpihlrghblffkshc.json,16
sun_btxbetsunlpwrnhs.json,63
sun_bursogyeljvlegan.json,40
sun_absqagjbuzuvhboj.json,72
sun_avjvdzcutddwweuj.json,58
sun_akwvdhqsbtcesevi.json,86
sun_bsieafhuqrnbhiyh.json,35
sun_ayuaydjcuqxqnrlq.json,76
sun_bddrwdlacrymymur.json,28
sun_bzbwppkmmulpqnkr.json,13
sun_aitugazcpdxlcexr.json,65
sun_behvlonmknqlnxrc.json,55
sun_abrlnvzmqklirrnl.json,24
sun_bdkglcanoliyzurx.json,18
sun_blnmtxtvrjaufsrd.json,45
sun_baztjayuqhvdcxph.json,47
sun_bzolfrhocvsablts.json,36
sun_bdnyrtlqfsgkqova.json,32
sun_aaovkqlsvacznbgr.json,60
sun_bbaynapedjyslcxb.json,57
sun_bcwcfakrunomyxpn.json,28
sun_bbjuskmlqfslipfw.json,31
sun_aiaymzoqhwcskhet.json,56
sun_bqfkrpcpakhwiilp.json,41
sun_aattbuwagkecsqek.json,14
sun_bukeyaepgtqixfxc.json,23
sun_aufbguyyrccwwxuf.json,71
sun_adbdknfmtkvlxcxq.json,116
sun_adojlmejvaqzgrcu.json,67
sun_arafgkcopmbpfaep.json,36
sun_btympspwijfqaqko.json,47
sun_aufspxbtqorylcna.json,54
sun_agszvozijlyqqeyn.json,26
sun_byuhjpweygtwpwbj.json,11
sun_ahhnjksmytmbzmmp.json,17
sun_arahdppusymomreh.json,55
sun_bexmlggwjjvdhcjs.json,55
sun_abwkecxdrvamjxlk.json,45
sun_bgpysxgkeqxnuemb.json,41
sun_buyxiaambrtnnfmf.json,26
sun_agvzntnnphsuqbmn.json,65
sun_asiojdegqcvrpizr.json,59
sun_blymhomkdhqyxkmj.json,60
sun_bajbxsbzlpsplebf.json,64
sun_bnanfhclyxnsjzgc.json,37
sun_bagrgybtgqawoifh.json,40
sun_aezwbvhlalnojnhr.json,17
sun_bnjgpcrfxqawdfjf.json,22
sun_bhkilidhnuzrfdoc.json,22
sun_banwlxzczuuxgcze.json,43
sun_atrdwidjvfvyiehn.json,59
sun_arooxbisltdzotno.json,60
sun_bmeclylamagtutkc.json,30
sun_bzoysmqxfkzkrxzq.json,50
sun_bluyqwtrsfarwukn.json,65
sun_bmgnekzyzssxclzw.json,34
sun_aqftpyuksqtdtceh.json,80
sun_abauvuqxzsxdgtsx.json,17
sun_aubehthmwgfqgrxl.json,43
sun_bhmsoyfvgpwtdhgk.json,107
sun_aojrnsqotnhfozgr.json,70
sun_bfvmjlomfvojcjbf.json,14
sun_bvrjcpxylxoyalpu.json,7
sun_bcgvicnoizbbuiwk.json,17
sun_aajsfnjsaqdunpdp.json,67
sun_aawlazprqrjhwtpa.json,69
sun_bmcutuofemllyocq.json,52
sun_bugpcnvxmhqxnzfc.json,134
sun_aubznxmxiewlwdbi.json,93
sun_auyrvbsgjzcbllwy.json,102
sun_bzcbytiglfpamxno.json,41
sun_btmpgmqlzvnsfueg.json,10
sun_bjvbeshlnugqsfmx.json,15
sun_abpiybxizgawpmky.json,77
sun_bbrvgokgbvlfakyv.json,50
sun_agwogizmdwmzeeta.json,17
sun_abhavxyiuqqdxvgd.json,63
sun_bjiqtmffnnoulefg.json,40
sun_bxvuvsbvefpfhoor.json,39
sun_agjevbttbucaxtcp.json,61
sun_alspyxejzukmyyvf.json,76
sun_bphkwnlauepividj.json,39
sun_bnokhadzxslvdqrc.json,20
sun_bcsilmmjzqbejnxh.json,10
sun_bepjhziukqmxktip.json,89
sun_aogurmvyvbrumjot.json,21
sun_aukmeobryrcehyvo.json,65
sun_bzblhlcujhvbmtsk.json,45
sun_aoraqrqbcqkhzbok.json,76
sun_akchetnepxlcxhsu.json,66
sun_bkaeugvancwoiknl.json,61
sun_abwwevvzrincpcjk.json,16
sun_bjlckptwozlsxfvr.json,52
sun_avuqfmqnnacpugwc.json,61
sun_belkzcvlquyyzxlu.json,36
sun_abcwfshruftobgfp.json,37
sun_bgusozmwcjqeelmr.json,60
sun_byhsoftcbgoyimrg.json,42
sun_bgbulbzhfqurfrcs.json,21
sun_ahzyzreaawbkanmp.json,50
sun_bccaowdaexrvafyv.json,18
sun_boxfizxdmlaotdgc.json,7
sun_bmfabvqgfwtmjneq.json,16
sun_bszxwyguqiztashe.json,46
sun_bujzmvmaktrcwuqg.json,11
sun_azyaahqmkktxzzer.json,82
sun_azhdevaibilykmgu.json,110
sun_bgcqkwzhwbtbdbbv.json,25
sun_bhribroenyyculkx.json,22
sun_adzadpbmztekfiwh.json,86
sun_byziwbrwhhpxaydu.json,44
sun_bplgyeqclqlogugd.json,36
sun_aggtgalfwqduodph.json,60
sun_abcexmhrrazffdxe.json,62
sun_bamwngxburzzpymm.json,55
sun_akuognalfgmelepa.json,75
sun_aommjwmxdutsenlq.json,63
sun_avlnvwvxcqsxukep.json,60
sun_acydkjhptgkxbybt.json,86
sun_arqsljseyautnkfv.json,71
sun_byzjgmmogjopssok.json,82
sun_amhaqxrmuqtylgcx.json,60
sun_aaofphpvkeqlhwgu.json,45
sun_bmlqeyqafhorypsr.json,49
sun_bxcaalgmiqxdiuqf.json,37
sun_bkcfbmtcumwrvxlb.json,30
sun_bncmdqzpobwbscgh.json,11
sun_byapwpssjeemastl.json,29
sun_bsjsjanotbmolvgq.json,35
sun_anuzjozqcvokbpbn.json,45
sun_bgrxvaeeqwblfrqq.json,62
sun_brxnzlgwkmrqvqym.json,78
sun_bduxjnkcugmhcpag.json,16
sun_agblpzrkbqcipkyz.json,51
sun_bmtvnwwelrekwszo.json,72
sun_bsbmxedcrvxjljoh.json,20
sun_btsqfalwsqicirdz.json,20
sun_alwwbuvtkfjiybvl.json,47
sun_bqayinfibktniqmo.json,46
sun_bnzfyfdvhsngnixw.json,14
sun_aatxlublfjchvvzu.json,68
sun_bwlnmlrzpmrkxwsj.json,73
sun_bfyiordjfwofpafr.json,42
sun_burokageiugamrul.json,18
sun_alnurdgpqodhpawt.json,56
sun_arncvdmklnuziroz.json,28
sun_bcykiecsgkmqxovi.json,38
sun_aqqabpdqjxygueuw.json,80
sun_afgbnvgqbsxpomau.json,80
sun_bljymfxujgbxjuvx.json,20
sun_agvctqwhcbxfrglt.json,74
sun_bvhngzsvssqdjqpz.json,37
sun_bbmerxsqpjlodkuz.json,58
sun_bvbqpnzbgnhenfmy.json,81
sun_acdgufoamnnvlkuy.json,72
sun_afuxtcmpnmheomyt.json,39
sun_arvafmnvwcswwnwh.json,87
sun_bhcgsdwthuyomlrv.json,92
sun_anbdspwawzgrwnla.json,81
sun_bzctygzpuoohrvai.json,67
sun_akgsgfelkaxhkmgo.json,95
sun_bohuyqxtsxywcajl.json,42
sun_aczwgyukesaajxnx.json,31
sun_bfhvvwgvxxjrctil.json,41
sun_bfpaqdemyawwwahn.json,46
sun_aabjtppsnozdurdt.json,90
sun_bdmgmqsmmqkthilp.json,51
sun_bikalvduyffzfiwp.json,54
sun_bfrwtvtaqrroyjao.json,79
sun_bwrxuzjzmvewrchl.json,74
sun_bhudxlpdkywdgwba.json,19
sun_borylzqazfbcrrrd.json,90
sun_blxswaxpoupgwihl.json,58
sun_awpnvdbxpoaugrga.json,54
sun_bbjpwjobjhuarxzr.json,61
sun_amrzjugrfoydgxhd.json,12
sun_bdjofnflnlvogafd.json,31
sun_acpuwvhrdqhykpsh.json,74
sun_bfnppamlyniiwcia.json,28
sun_bjarokmvhzncwcag.json,31
sun_byvdfrqywtsiavuf.json,29
sun_bsmawofdhkgpgmeu.json,21
sun_bmicbywtgzbygxyr.json,72
sun_bbhhlnxpqurnjnds.json,74
sun_bfqguhaicrghwgdh.json,47
sun_ahlfddloqfpagejm.json,18
sun_aqeikwpwbwvsnetj.json,67
sun_adtwbpowivasnfgz.json,63
sun_bvrzfxxxhinynrcp.json,44
sun_bcgskwhauninzvhk.json,37
sun_aspjegmgbnxlmkzb.json,68
sun_bqjzgmttjagpamzt.json,16
sun_agaebenfhqmciryu.json,57
sun_awznnowvdgitriji.json,78
sun_bvwsfuegdpqxcreg.json,42
sun_axtrtuvronnaijwz.json,84
sun_bivbjkdbxmkncqwv.json,10
sun_bswrcddsdaymohah.json,29
sun_apivfqbmmscioozr.json,81
sun_bbuizyudrdtwknpa.json,65
sun_bcanxwxacwqfxkbf.json,25
sun_bwwxicczpmsfrrkc.json,66
sun_araxtjxjbgzkdpbg.json,46
sun_broadkwknschzvvz.json,97
sun_btxdfkuoehgmlglt.json,42
sun_bfiicuwaeclhhusy.json,37
sun_baexsqstopvlczqa.json,41
sun_awrxnfdfzyznnbtd.json,21
sun_ajvklpmjherjgxrt.json,72
sun_bsrsosywofxosirx.json,64
sun_bwcpryajaazjjgfq.json,33
sun_bgshkoltnrmilxns.json,65
sun_bcdqgpzumsmvknfn.json,30
sun_agqborhpkvvwbvfl.json,65
sun_bcwzdiyoozzrwjcn.json,56
sun_artdjhucuwcdlzal.json,100
sun_bnutyshnyfueffma.json,37
sun_aizcycyyvgfcdnzp.json,61
sun_biiobaofvszgqpkm.json,64
sun_bcqjthtjrluwygzp.json,30
sun_aebyrsomkbjtenvm.json,88
sun_beyiaxemhyjtpcmo.json,50
sun_begolqlvjxtuybtu.json,32
sun_bukyazojoherrujg.json,54
sun_bpcghwatvqbjulxy.json,19
sun_bicgcuyqnpbpkipn.json,31
sun_bdbjekwkvqzmcsml.json,37
sun_brlsjyqmrtnvwdjs.json,41
sun_awhlypaaugihvrjk.json,63
sun_bkqnsqatzzpnuqik.json,72
sun_bgjctipxhtmkvnmw.json,31
sun_aryoaqwczywhgalc.json,75
sun_btwbhwvpmznjsvus.json,40
sun_bxrvchtfalygojan.json,18
sun_ahspylgoovwmwvgk.json,42
sun_bjirabrawmznrrls.json,25
sun_bbduqosbteypfkil.json,41
sun_bzqqgmgribagkwxg.json,16
sun_bacrdoylchxynnwy.json,28
sun_agvyejqmcrhrvpbo.json,57
sun_aaexpnawiehinlpy.json,48
sun_akqesljoypfqyjdc.json,57
sun_bxhaseuplhxmglda.json,65
sun_biltnjxzqdqjzhsn.json,11
sun_aavgrdvhbtrmxhpy.json,92
sun_biqmabkmyhrrasmc.json,21
sun_bxvwtcnzkkasthwu.json,22
sun_aryemauxglpckieh.json,75
sun_bxgfcxpmogzjmsau.json,65
sun_amwiwefdmxdztyam.json,52
sun_bnspnryirvhahebz.json,31
sun_aolklzlhpveocgfv.json,30
sun_bfzthossqiitlzic.json,45
sun_btjevcvrxjpeyoxz.json,60
sun_bzybqfaecwsubwwo.json,23
sun_apeekzkajfswlykn.json,67
sun_bonwvapbnhwzmqtb.json,40
sun_baeonpcwemmakdap.json,60
sun_bbtmkzyovrnquflk.json,44
sun_admzmthmjgmaimfo.json,103
sun_bjdsuuanziclbdcg.json,32
sun_bhpxggkfepallypm.json,36
sun_bbgzuwnafsiyobtr.json,51
sun_bmtbldypepqtfcha.json,76
sun_bppwnyxlgptkrpwo.json,39
sun_bhapnuxerxejofbw.json,73
sun_aoxnfiyuzeouurxi.json,107
sun_aamdtqvmzkmjgivi.json,68
sun_abjllhhfuvcygwtk.json,76
sun_agbzwurdlaqqexep.json,81
sun_ahdndszsihunmxpp.json,53
sun_bcbdewxgxmdabwqs.json,53
sun_aucikzzfjeeqyewt.json,87
sun_bapxsulexojpepyd.json,26
sun_abpqxslcljhrwmck.json,70
sun_aoujnixvugpagelu.json,23
sun_bkzcruvdqfrkgnuz.json,43
sun_bcqbutakfpoibwek.json,21
sun_bicunceqwddmddnv.json,37
sun_aaenwecffknbumjq.json,111
sun_bcyqhmsuncrhyodx.json,21
sun_bdnnikxazmeqlgmc.json,52
sun_alaoxkdoftpxwxef.json,86
sun_bxcsvzfynwtynbwt.json,52
sun_bktofjuzxidajaet.json,46
sun_bxxtkmyydusifqkv.json,35
sun_bwkvdeqiygcrqwxi.json,25
sun_bbdjhnyxymlxoqfm.json,102
sun_batttoktqetanmfx.json,46
sun_aiwjjxhtgtrwjdsf.json,70
sun_afrjiwlvfcpraawg.json,86
sun_blfhfhepbcnfaecb.json,49
sun_alkjmjqmptfkwxnj.json,32
sun_bqmragbbtgktewba.json,42
sun_bebpnsxwaiexxztj.json,41
sun_aalrsaxeqqthtwnd.json,79
sun_bcgnheoxjckdlcbs.json,45
sun_aarzwginlqrfnzvf.json,70
sun_bjesrezktozovics.json,43
sun_asxolzqcqtihmbju.json,88
sun_agswoygnhiabzikj.json,35
sun_bmoouvnnsnxypsla.json,18
sun_adqndcjxpptvizjl.json,53
sun_bixlijfsbzavgyof.json,40
sun_auyvxoybsqfsxbyq.json,50
sun_agnrtccxffxbnijx.json,18
sun_baumnwsreoypvzxf.json,20
sun_aobmifrqaweybqpa.json,66
sun_agysnixnkhpsvtmr.json,65
sun_bglqunwuycxydmyu.json,19
sun_akjxzdcdwzfximmk.json,18
sun_bpsnkrcqsvmhsuqo.json,49
sun_aaphkzwyhkodgwey.json,67
sun_agyrffqdcxgchrqc.json,78
sun_aghpssksjtcabhqr.json,49
sun_brltdrpgsjpmgxwt.json,77
sun_bphjgeqxklsuuhiu.json,30
sun_bcitvhafynsmchww.json,56
sun_anzbjguxdgpobefx.json,57
sun_bqfevzqzayamjbml.json,40
sun_aqovleaxrjqeddyp.json,64
sun_bvfurauxmvdtyvgf.json,66
sun_aaktvzxuzcrholrn.json,45
sun_auhggbbgdgmtvszo.json,31
sun_bihzigebljxkdqaz.json,50
sun_axrwotfyacoapwxp.json,67
sun_avwkltzuwiujlpvj.json,66
sun_acpxjhfbxfstfrtj.json,89
sun_bgmejiphkmqaxpog.json,93
sun_aokcojhjotquljnw.json,26
sun_blojyrvlkifrickr.json,89
sun_azregxypmjjevjem.json,20
sun_aatmuzoutxkrdikv.json,25
sun_bfmhmrfewqpojtbj.json,21
sun_acklfjjyqbayxbll.json,63
sun_agxjkxyxedwlzvkg.json,93
sun_beywxwpgsancacqo.json,41
sun_belhxumgqndhcjnb.json,43
sun_bwycyjtngmsxqhdq.json,66
sun_ahywdevtimnqcsln.json,61
sun_aihpgihxxnmwqdcd.json,52
sun_bltwdmjxaxlwyido.json,77
sun_bilonbbxhmwsssef.json,69
sun_bgwmiqwlreupuwqs.json,42
sun_aurdrpfzpequbptg.json,19
sun_arffihzwrfsleobm.json,73
sun_bpxgjtnjjuccyxjc.json,40
sun_bflturjnhzlhrmth.json,27
sun_acdlgczjpwkeuvgy.json,64
sun_aaslbwtcdcwjukuo.json,63
sun_bxpftazinzuaahhk.json,46
sun_asvcfruitoxygxrv.json,23
sun_bdjedywekxzslifa.json,50
sun_bdlfjacvgmzhnijp.json,41
sun_bfchgzgcdwtsnaxk.json,75
sun_bdawfouuwvsojarv.json,28
sun_blcfplilhaeruswa.json,22
sun_axakxdilafzcooox.json,61
sun_beupyporvxbqvrqu.json,41
sun_bcammxxgnpynvfig.json,53
sun_bvuyrsopkhlvhmty.json,35
sun_bibgcrzzlstdnbea.json,78
sun_aohqvhrlwvbexvnk.json,58
sun_axmmgcsxwtsmadxu.json,51
sun_beprzjdksyhqbxhx.json,50
sun_bevxnqpoqiwuotap.json,44
sun_bhpxikxxkuopazhu.json,62
sun_abfqgeggtdlpvwsw.json,102
sun_bxmalwrgyakiaqvb.json,39
sun_bcdohnkcrdwttzxb.json,45
sun_bfamenrbbamqczro.json,20
sun_bltxnjuempwrfypr.json,44
sun_aqkxfqpdzqqjublm.json,72
sun_agldadusrezhmyva.json,90
sun_bfnfzkqmwrjezqtw.json,19
sun_akvgycniyttaeipg.json,57
sun_bpitlhevfvplujnj.json,35
sun_bagnqmholhdjvckm.json,64
sun_blvbtnjdqwnhpkce.json,45
sun_bmhxlxfyhoejizbf.json,17
sun_aaovtbniyzpboymw.json,79
sun_baynnkdwzeupzzuv.json,47
sun_bhjlnvxiyljwqgtb.json,68
sun_apsyfsflirzrdlaj.json,31
sun_avdfessvodflyqdn.json,47
sun_buyhsbfaznkxrubj.json,62
sun_alrznsjlzdkyoioa.json,9
sun_blxikcfmlqneeoti.json,37
sun_beyqkdhbapysbwbv.json,21
sun_bxeiylbtpjkvjdja.json,20
sun_bioqyrrgfmkqqtds.json,19
sun_agahbbcqrhxaeuwv.json,28
sun_bvzeaztqswaejwrf.json,64
sun_bjscmtoxhwcvzbkb.json,46
sun_aaxteygyigqyqzum.json,49
sun_aijkdpqohzcmjsco.json,72
sun_anttehhugofruyuj.json,41
sun_anaxbhxbrgeskkom.json,93
sun_blrfgncuqysvtcbg.json,41
sun_avflgvmhqjaljulz.json,39
sun_bsqflliylybfmwhn.json,19
sun_ajokwebqmiuzucqo.json,53
sun_aqlpfaorsvofqfuy.json,49
sun_bpvafxvnkfvcgcgn.json,54
sun_btffykywgxewtvir.json,52
sun_bupeehmamgegewpl.json,55
sun_bdhcuvandflhpprv.json,21
sun_bxbpelhwpegldjsl.json,37
sun_bgfsyqptwutkghni.json,42
sun_bzlmupmmiqdoxiio.json,30
sun_bfqkksxqisfiefwe.json,43
sun_blfoisnvweqrqima.json,77
sun_amtnhoeymsbotabs.json,29
sun_aqyazfjzmeyzhrel.json,103
sun_adspmthiralksljq.json,52
sun_acvspbpkzomoaigv.json,36
sun_bbutrnszdickxmaw.json,73
sun_arxrvqjklsngango.json,102
sun_bpwzikwwcsmywvvr.json,84
sun_acsrcrvmkcsrvtcq.json,37
sun_ajdethecbcfhexju.json,54
sun_ayicwupetquqvbuv.json,13
sun_bgshlqnjiisfgwzk.json,17
sun_aauyjffemrxqcirn.json,36
sun_ahpwonrlyygmzvtx.json,50
sun_aonxmamtchxbkgfu.json,59
sun_bhqefrhdiawniwgg.json,68
sun_bkdzxzongvkxaulf.json,62
sun_bbcjivpvhpionjqj.json,51
sun_brhpjebzpqhxlgbd.json,32
sun_azdvpvrznvgpeaao.json,49
sun_aokgqlnxzonxwzlk.json,56
sun_brrjzlcdrrwsspqs.json,65
sun_bzludvbnpfogksta.json,40
sun_augjvuygusrwlxqz.json,76
sun_bnhqckgknuryydtg.json,55
sun_axylkzzvrakkczkl.json,117
sun_bnuuaaopwmcclqco.json,17
sun_bemfeutndcfrgthg.json,24
sun_bhmgtdtvtipmcvrg.json,30
sun_ahlifjixdpvtzxbh.json,80
sun_balbaeovkgwnsomi.json,46
sun_bhuxcsblqdutopye.json,50
sun_bwwsahpstphbexsu.json,53
sun_biizajddslqxlmqw.json,35
sun_bzrqwhrbbwxzxdev.json,40
sun_bkyryspcupjqmqqx.json,9
sun_abeyhmxodahoieyk.json,58
sun_bvlmxigpntvpryxl.json,54
sun_azltjhgpbomjunfc.json,69
sun_bcanfjwggupeamtz.json,39
sun_aaajuldidvlcyzhv.json,52
sun_amrvdczvsebcuiru.json,62
sun_bzpgankngofzcwci.json,72
sun_axlabldjwdulbbuv.json,38
sun_bffqsvafmjibtkro.json,38
sun_aqryhfhyierxdzxi.json,47
sun_bfovljowxowcronr.json,58
sun_ashtisuzjlikuvhe.json,23
sun_bdoxtpzaufrdffsa.json,40
sun_ainzlfozoxxasyfe.json,43
sun_bljyguxxfiakvvcz.json,39
sun_bjvbpfvvemawqdti.json,68
sun_bfwkibabqdlmrgrj.json,50
sun_auuqrbypdtqpnviw.json,70
sun_btoivoyxjojqutdv.json,83
sun_ayuquurjulxlnkjc.json,50
sun_akndyxefbqzbqsqy.json,48
sun_bjphbnylbgsuprob.json,49
sun_bodxeitzhnyqleqr.json,15
sun_bkmigzgyorjhhllp.json,79
sun_bshdfjtqeawwctyu.json,41
sun_ayiaoydvdtjqnmyf.json,46
sun_bmyozoiuweyqnygq.json,72
sun_aahzjzgqsstcdpnq.json,74
sun_bscznrajtpgmedue.json,11
sun_absocoelsihaofzb.json,88
sun_arpxtcyqwridpafp.json,46
sun_abgovsbwwyozjdzp.json,56
sun_aosvqijvmwznjrsh.json,27
sun_bjrxopjiakyihdqo.json,29
sun_beslvgvcytmlwzdb.json,66
sun_aadakyricvbjhamx.json,41
sun_ascscizerrcsswcd.json,65
sun_buubpayscjcxyypt.json,20
sun_aljophkbqeqvcdgx.json,27
sun_aflsnycseiotupac.json,33
sun_ageesrbsavpweokk.json,90
sun_bqkwmxoqnqvjsblj.json,30
sun_baycehpwvemhbrlc.json,32
sun_ajnrakzwcfnluodd.json,55
sun_bxrkinugbvzohlmu.json,52
sun_aywuiguudlcklxiu.json,55
sun_awjucfvtjllxrtkv.json,70
sun_alouvjfpycbghnrv.json,60
sun_bhxlcbznombmfbat.json,39
sun_baifmibakbdayypj.json,59
sun_bgqgarhskkwpvhpi.json,39
sun_bcfhudayuzvvkytj.json,20
sun_bsrfchwomlurreln.json,69
sun_bowpnckdplphcsyb.json,45
sun_aiztxdurlviyfwxz.json,80
sun_bdnhffttgbnjqrxj.json,25
sun_bnpoflidwifjpkwt.json,57
sun_bpxgmqnwboogllyq.json,47
sun_bitmrnvphhuvrwns.json,22
sun_bnmphahemonjytql.json,58
sun_binlopsjigoggxlk.json,53
sun_bpzsljbjxqqfgtuv.json,64
sun_bmuwhlbutxkwhwfj.json,61
sun_bropsghvegnvqogb.json,23
sun_bkjbcqikzkwiuhjz.json,20
sun_btkjvzkflmmaqhgn.json,77
sun_brcspjayfcolnxbc.json,25
sun_afdefsrtlbtfdhxq.json,57
sun_agdvlwwnditixnrn.json,86
sun_adgdwcyvmegvkhww.json,69
sun_bwidvgzwofvfteaj.json,19
sun_aqwolgzmtnbgpaxo.json,20
sun_awrpplbfwpcnfprs.json,69
sun_awanhgiwrrxlxomx.json,68
sun_bgfqhfnbogqqgqte.json,40
sun_adwhvoekbdqbcfoo.json,85
sun_aieghmacpppxajox.json,56
sun_anjgzxqwccbiozsw.json,72
sun_bwqutrxvixryrlwg.json,38
sun_aszofvjvisonzolt.json,61
sun_bcnnwzitahpeirun.json,37
sun_bxquctnaduoyrbgc.json,14
sun_ainnuzoalvhqvxfn.json,20
sun_ahifhbkwjyroemyr.json,70
sun_afrwiykoncfkfqtf.json,50
sun_bouyyrtkaekbntgm.json,23
sun_abxrfrucnptodioj.json,75
sun_btgprjecbvcbbmir.json,94
sun_bcupyvvgagpfoiek.json,39
sun_bclxuaebxbiounqw.json,86
sun_bmhyvtokbpztqmsm.json,43
sun_ahphmnxxnwuclnfb.json,54
sun_azkaltevhhcogwys.json,63
sun_bkkauiedynghatdc.json,74
sun_bjoripfafgpwaito.json,73
sun_bjxtkjavbhuarzsl.json,48
sun_bsqarutvxoslvqws.json,73
sun_aatrbduljuukjgin.json,105
sun_bfrshcqxwctwtokz.json,67
