imm(49).json,5
imm(38).json,37
imm(06).json,8
imm(03).json,5
imm(33).json,11
imm(39).json,17
imm(10).json,27
imm(27).json,39
imm(44).json,29
imm(45).json,4
imm(28).json,26
imm(42).json,34
imm(17).json,38
imm(35).json,10
imm(18).json,39
imm(29).json,6
imm(19).json,35
imm(37).json,12
imm(43).json,38
imm(48).json,9
imm(11).json,21
imm(05).json,9
imm(24).json,18
imm(07).json,34
imm(47).json,10
imm(04).json,4
imm(25).json,23
imm(23).json,19
imm(12).json,13
imm(22).json,24
imm(40).json,42
imm(30).json,23
imm(08).json,25
imm(31).json,25
imm(15).json,44
imm(09).json,36
imm(01).json,17
imm(32).json,12
imm(16).json,28
imm(14).json,19
imm(34).json,2
imm(02).json,8
imm(21).json,11
imm(26).json,51
imm(13).json,21
imm(36).json,25
imm(20).json,6
imm(41).json,8
imm(46).json,34
