126.json,21
151.json,20
108.json,23
133.json,55
115.json,12
140.json,14
79.json,48
78.json,24
77.json,20
199.json,38
76.json,12
75.json,10
74.json,21
107.json,24
73.json,28
72.json,33
132.json,9
71.json,16
70.json,33
19.json,26
18.json,28
17.json,36
114.json,20
188.json,27
16.json,8
15.json,9
14.json,16
13.json,28
12.json,3
121.json,28
11.json,15
195.json,43
10.json,28
103.json,8
187.json,30
110.json,21
169.json,12
194.json,23
102.json,13
176.json,26
158.json,13
183.json,31
165.json,22
190.json,17
69.json,9
68.json,22
67.json,31
172.json,10
66.json,12
65.json,38
64.json,13
157.json,9
63.json,11
62.json,35
61.json,23
139.json,23
60.json,29
164.json,7
146.json,23
171.json,12
128.json,15
153.json,34
135.json,20
160.json,13
99.json,9
98.json,37
97.json,12
96.json,26
95.json,33
127.json,23
94.json,42
93.json,37
92.json,14
91.json,19
109.json,17
90.json,19
134.json,33
116.json,27
141.json,28
123.json,15
59.json,22
58.json,25
57.json,11
56.json,38
105.json,17
55.json,28
54.json,7
130.json,32
53.json,23
52.json,16
51.json,39
189.json,17
50.json,8
122.json,6
196.json,37
104.json,33
178.json,21
111.json,29
185.json,7
0.json,21
89.json,32
88.json,22
192.json,16
87.json,30
86.json,8
177.json,42
85.json,15
100.json,21
84.json,16
83.json,15
82.json,4
159.json,25
81.json,23
80.json,13
184.json,24
166.json,35
191.json,9
148.json,62
6.json,29
173.json,10
49.json,48
1.json,40
48.json,41
47.json,17
155.json,23
46.json,36
45.json,27
180.json,26
44.json,19
43.json,10
42.json,18
41.json,25
162.json,17
40.json,15
147.json,12
129.json,23
154.json,45
7.json,31
136.json,32
2.json,28
161.json,31
118.json,22
143.json,28
125.json,36
150.json,23
117.json,9
8.json,19
142.json,25
3.json,19
124.json,8
198.json,32
106.json,29
39.json,27
38.json,35
131.json,14
37.json,23
36.json,8
35.json,15
34.json,27
113.json,37
33.json,15
32.json,26
31.json,4
30.json,38
197.json,29
120.json,58
9.json,16
179.json,31
4.json,25
112.json,25
186.json,9
168.json,12
193.json,7
101.json,41
175.json,15
182.json,19
5.json,44
167.json,22
149.json,29
174.json,31
156.json,24
29.json,15
28.json,9
181.json,48
27.json,27
26.json,25
138.json,29
25.json,10
24.json,18
163.json,26
23.json,21
22.json,37
21.json,28
145.json,13
20.json,47
170.json,4
152.json,17
137.json,34
119.json,18
144.json,9
