126.json,18
394.json,61
151.json,279
214.json,73
288.json,56
108.json,57
302.json,21
376.json,48
133.json,38
221.json,24
295.json,119
358.json,66
115.json,19
383.json,61
140.json,101
79.json,28
203.json,66
78.json,55
77.json,27
199.json,79
76.json,89
75.json,54
74.json,12
287.json,25
390.json,117
107.json,144
73.json,64
210.json,23
72.json,17
375.json,25
132.json,69
71.json,64
269.json,149
70.json,113
19.json,49
18.json,62
294.json,129
357.json,48
17.json,58
114.json,14
188.json,24
16.json,59
382.json,57
15.json,111
202.json,26
14.json,78
276.json,67
339.json,33
13.json,41
12.json,9
364.json,47
121.json,17
11.json,46
195.json,47
258.json,23
10.json,23
283.json,124
346.json,64
103.json,47
409.json,32
371.json,140
265.json,62
328.json,198
187.json,70
290.json,119
353.json,44
110.json,27
416.json,37
169.json,48
194.json,51
257.json,22
360.json,80
282.json,69
345.json,22
102.json,75
176.json,63
239.json,136
264.json,36
327.json,65
158.json,59
352.json,139
183.json,147
415.json,51
246.json,20
309.json,81
271.json,29
334.json,22
165.json,110
228.json,56
190.json,14
253.json,16
69.json,116
316.json,46
68.json,34
67.json,76
341.json,25
172.json,76
66.json,14
404.json,29
235.json,66
65.json,82
64.json,44
157.json,182
260.json,17
63.json,120
323.json,75
62.json,91
61.json,227
411.json,81
139.json,84
60.json,112
164.json,37
227.json,7
330.json,100
252.json,42
315.json,18
389.json,15
146.json,36
209.json,43
171.json,47
234.json,25
400.json,68
128.json,73
322.json,70
396.json,53
153.json,69
216.json,49
241.json,42
304.json,35
378.json,15
135.json,9
160.json,136
223.json,88
99.json,120
98.json,35
311.json,36
385.json,37
97.json,84
205.json,21
96.json,43
95.json,83
127.json,23
230.json,66
94.json,14
93.json,188
92.json,73
289.json,100
91.json,68
109.json,70
90.json,43
377.json,46
134.json,70
300.json,60
222.json,12
296.json,83
359.json,40
116.json,84
384.json,91
141.json,23
204.json,28
278.json,29
366.json,59
123.json,55
59.json,86
58.json,47
391.json,37
57.json,58
211.json,60
285.json,131
56.json,24
348.json,85
105.json,119
55.json,93
54.json,79
373.json,81
130.json,35
53.json,4
52.json,127
51.json,35
189.json,88
50.json,54
418.json,78
277.json,60
380.json,58
200.json,96
365.json,78
122.json,22
196.json,381
259.json,50
284.json,99
347.json,22
104.json,126
178.json,212
372.json,153
266.json,149
329.json,102
291.json,67
354.json,86
111.json,60
185.json,93
417.json,65
248.json,69
273.json,35
336.json,168
0.json,81
89.json,112
88.json,123
361.json,20
192.json,16
87.json,74
255.json,32
318.json,59
86.json,100
177.json,57
85.json,75
280.json,19
343.json,153
100.json,96
84.json,19
406.json,41
83.json,26
82.json,66
159.json,23
81.json,8
80.json,34
184.json,65
247.json,21
350.json,18
413.json,38
272.json,31
335.json,131
166.json,27
229.json,50
191.json,28
254.json,71
317.json,16
148.json,31
6.json,92
342.json,52
173.json,67
405.json,114
236.json,21
49.json,37
1.json,75
48.json,95
261.json,104
47.json,38
324.json,59
398.json,85
155.json,68
46.json,102
218.json,24
45.json,81
180.json,46
44.json,79
412.json,13
243.json,95
43.json,120
306.json,218
42.json,50
41.json,98
331.json,92
162.json,84
40.json,118
225.json,78
147.json,72
250.json,30
313.json,37
401.json,54
129.json,91
397.json,101
154.json,51
217.json,87
320.json,58
7.json,103
242.json,49
305.json,61
379.json,46
136.json,76
2.json,68
161.json,168
224.json,24
298.json,83
118.json,51
312.json,49
386.json,13
143.json,70
206.json,36
231.json,19
368.json,76
125.json,53
393.json,27
150.json,67
213.json,20
301.json,62
297.json,24
117.json,26
220.json,25
8.json,11
142.json,86
279.json,30
3.json,75
367.json,57
124.json,19
198.json,217
392.json,50
212.json,48
286.json,39
349.json,66
106.json,121
39.json,55
38.json,120
374.json,87
131.json,41
37.json,129
268.json,19
36.json,27
35.json,26
293.json,47
34.json,100
356.json,72
113.json,47
33.json,60
419.json,38
32.json,66
381.json,21
31.json,145
201.json,92
275.json,60
30.json,99
338.json,68
197.json,140
363.json,25
120.json,88
9.json,24
179.json,93
4.json,141
408.json,52
267.json,156
370.json,106
292.json,97
355.json,59
112.json,16
186.json,150
249.json,43
274.json,82
337.json,138
168.json,64
362.json,82
193.json,42
256.json,46
319.json,49
281.json,77
344.json,83
101.json,100
175.json,79
407.json,62
238.json,89
263.json,39
326.json,15
351.json,111
182.json,36
5.json,242
414.json,12
245.json,20
308.json,52
167.json,40
270.json,151
333.json,123
149.json,108
174.json,84
237.json,18
340.json,23
403.json,29
262.json,69
325.json,83
399.json,41
156.json,80
219.json,81
29.json,112
28.json,118
181.json,82
244.json,80
27.json,195
307.json,17
410.json,36
26.json,113
138.json,24
25.json,114
332.json,39
24.json,51
163.json,43
226.json,24
23.json,147
22.json,125
251.json,23
21.json,91
314.json,24
388.json,87
145.json,33
20.json,17
208.json,63
170.json,56
402.json,121
233.json,50
321.json,97
395.json,107
152.json,71
215.json,70
137.json,73
240.json,71
303.json,32
299.json,30
119.json,107
387.json,54
144.json,65
207.json,33
310.json,21
232.json,80
369.json,59
