79.json,8
78.json,12
77.json,8
76.json,13
75.json,9
74.json,18
73.json,10
72.json,18
71.json,15
70.json,21
19.json,2
18.json,13
17.json,2
16.json,21
15.json,18
14.json,4
13.json,12
12.json,26
11.json,9
10.json,22
69.json,35
68.json,33
67.json,33
66.json,38
65.json,26
64.json,21
63.json,29
62.json,16
61.json,20
60.json,6
99.json,47
98.json,46
97.json,10
96.json,44
95.json,35
94.json,3
93.json,46
92.json,38
91.json,35
90.json,12
59.json,18
58.json,58
57.json,19
56.json,10
55.json,1
54.json,41
53.json,10
52.json,6
51.json,12
50.json,7
0.json,47
89.json,60
88.json,16
87.json,10
86.json,24
85.json,19
84.json,21
83.json,18
82.json,17
81.json,13
80.json,25
6.json,9
49.json,56
1.json,34
48.json,3
47.json,2
46.json,14
45.json,17
44.json,6
43.json,53
42.json,33
41.json,45
40.json,51
7.json,10
2.json,49
8.json,4
3.json,63
39.json,50
38.json,25
37.json,16
36.json,45
35.json,8
34.json,42
33.json,13
32.json,61
31.json,55
30.json,27
9.json,14
4.json,22
5.json,5
29.json,51
28.json,14
27.json,5
26.json,33
25.json,9
24.json,12
23.json,13
22.json,34
21.json,5
20.json,4
