126.json,13
151.json,14
108.json,12
133.json,10
115.json,21
140.json,7
79.json,10
78.json,6
77.json,3
199.json,9
76.json,5
75.json,5
74.json,6
107.json,11
73.json,12
72.json,6
132.json,16
71.json,10
70.json,18
19.json,8
18.json,15
17.json,7
114.json,10
188.json,8
16.json,15
15.json,10
14.json,6
13.json,15
12.json,6
121.json,21
11.json,6
195.json,9
10.json,14
103.json,7
187.json,12
110.json,11
169.json,6
194.json,6
102.json,10
176.json,9
158.json,12
183.json,5
165.json,14
190.json,9
69.json,4
68.json,10
67.json,9
172.json,12
66.json,12
65.json,11
64.json,17
157.json,8
63.json,10
62.json,6
61.json,5
139.json,7
60.json,5
164.json,13
146.json,11
171.json,10
128.json,13
153.json,10
135.json,8
160.json,6
99.json,4
98.json,4
97.json,11
96.json,4
95.json,12
127.json,8
94.json,8
93.json,5
92.json,5
91.json,3
109.json,18
90.json,11
134.json,11
116.json,14
141.json,5
123.json,11
59.json,8
58.json,9
57.json,11
56.json,11
105.json,15
55.json,10
54.json,17
130.json,10
53.json,7
52.json,9
51.json,7
189.json,17
50.json,5
122.json,6
196.json,4
104.json,11
178.json,6
111.json,8
185.json,10
0.json,7
89.json,7
88.json,15
192.json,20
87.json,6
86.json,15
177.json,11
85.json,5
100.json,9
84.json,15
83.json,7
82.json,13
159.json,6
81.json,8
80.json,6
184.json,12
166.json,2
191.json,19
148.json,1
6.json,7
173.json,12
49.json,12
1.json,6
48.json,6
47.json,5
155.json,5
46.json,7
45.json,8
180.json,10
44.json,11
43.json,16
42.json,20
41.json,10
162.json,6
40.json,11
147.json,6
129.json,6
154.json,14
7.json,10
136.json,6
2.json,6
161.json,7
118.json,10
143.json,4
125.json,7
150.json,6
117.json,19
8.json,5
142.json,9
3.json,14
124.json,18
198.json,11
106.json,18
39.json,7
38.json,11
131.json,9
37.json,11
36.json,14
35.json,9
34.json,13
113.json,13
33.json,5
32.json,8
31.json,4
30.json,3
197.json,10
120.json,4
9.json,6
179.json,3
4.json,8
112.json,6
186.json,18
168.json,15
193.json,13
101.json,13
175.json,11
182.json,7
5.json,10
167.json,13
149.json,7
174.json,1
156.json,13
29.json,8
28.json,7
181.json,8
27.json,17
26.json,8
138.json,12
25.json,7
24.json,14
163.json,15
23.json,6
22.json,9
21.json,9
145.json,9
20.json,6
170.json,8
152.json,9
137.json,5
119.json,7
144.json,8
