126.json,91
151.json,84
108.json,171
133.json,301
115.json,34
140.json,99
79.json,146
78.json,199
77.json,179
199.json,222
76.json,118
75.json,44
74.json,108
107.json,101
73.json,112
72.json,108
132.json,28
71.json,36
70.json,147
19.json,113
18.json,95
17.json,185
114.json,166
188.json,120
16.json,31
15.json,124
14.json,104
13.json,127
12.json,11
121.json,246
11.json,74
195.json,116
10.json,144
103.json,18
187.json,106
110.json,49
169.json,51
194.json,68
102.json,37
176.json,72
158.json,76
183.json,204
165.json,82
190.json,155
69.json,79
68.json,150
67.json,165
172.json,34
66.json,73
65.json,121
64.json,67
157.json,44
63.json,64
62.json,160
61.json,154
139.json,90
60.json,233
164.json,29
146.json,114
171.json,120
128.json,104
153.json,202
135.json,97
160.json,92
99.json,46
98.json,156
97.json,99
96.json,114
95.json,154
127.json,259
94.json,129
93.json,108
92.json,50
91.json,208
109.json,154
90.json,47
134.json,121
116.json,84
141.json,103
123.json,108
59.json,86
58.json,118
57.json,53
56.json,155
105.json,89
55.json,258
54.json,19
130.json,143
53.json,69
52.json,128
51.json,154
189.json,134
50.json,20
122.json,23
196.json,119
104.json,200
178.json,156
111.json,97
185.json,76
0.json,66
89.json,390
88.json,82
192.json,128
87.json,244
86.json,74
177.json,307
85.json,122
100.json,131
84.json,92
83.json,141
82.json,71
159.json,226
81.json,91
80.json,28
184.json,139
166.json,137
191.json,31
148.json,313
6.json,127
173.json,87
49.json,231
1.json,155
48.json,145
47.json,96
155.json,130
46.json,189
45.json,110
180.json,81
44.json,75
43.json,49
42.json,150
41.json,198
162.json,152
40.json,67
147.json,100
129.json,134
154.json,154
7.json,114
136.json,122
2.json,80
161.json,116
118.json,120
143.json,158
125.json,153
150.json,73
117.json,28
8.json,80
142.json,118
3.json,116
124.json,28
198.json,153
106.json,118
39.json,122
38.json,145
131.json,100
37.json,97
36.json,61
35.json,79
34.json,62
113.json,209
33.json,319
32.json,109
31.json,38
30.json,289
197.json,202
120.json,338
9.json,55
179.json,146
4.json,133
112.json,447
186.json,43
168.json,43
193.json,27
101.json,185
175.json,80
182.json,67
5.json,166
167.json,102
149.json,121
174.json,177
156.json,119
29.json,105
28.json,171
181.json,189
27.json,75
26.json,52
138.json,201
25.json,88
24.json,74
163.json,113
23.json,77
22.json,130
21.json,93
145.json,65
20.json,191
170.json,39
152.json,84
137.json,159
119.json,156
144.json,88
