79.json,59
78.json,76
77.json,53
76.json,70
75.json,70
74.json,51
73.json,72
72.json,97
71.json,63
70.json,89
19.json,68
18.json,70
17.json,69
16.json,89
15.json,59
14.json,72
13.json,78
12.json,77
11.json,75
10.json,75
69.json,98
68.json,71
67.json,45
66.json,79
65.json,53
64.json,56
63.json,59
62.json,61
61.json,97
60.json,76
99.json,57
98.json,74
97.json,90
96.json,85
95.json,85
94.json,81
93.json,73
92.json,68
91.json,64
90.json,61
59.json,73
58.json,57
57.json,75
56.json,65
55.json,83
54.json,56
53.json,72
52.json,73
51.json,62
50.json,55
0.json,69
89.json,66
88.json,70
87.json,69
86.json,79
85.json,70
84.json,80
83.json,63
82.json,54
81.json,71
80.json,83
6.json,86
49.json,81
1.json,80
48.json,58
47.json,97
46.json,70
45.json,76
44.json,52
43.json,78
42.json,68
41.json,97
40.json,58
7.json,81
2.json,96
8.json,71
3.json,70
39.json,47
38.json,47
37.json,83
36.json,70
35.json,71
34.json,99
33.json,78
32.json,65
31.json,61
30.json,88
9.json,82
4.json,88
5.json,71
29.json,81
28.json,81
27.json,79
26.json,74
25.json,66
24.json,75
23.json,65
22.json,70
21.json,84
20.json,110
