sun_ahhomtyduaznebgb.json,8
sun_axcbspaxpiuudsrj.json,11
sun_basxvntdnejtfrax.json,8
sun_adpzebscgacjxyen.json,7
sun_avelkfeereflolze.json,11
sun_brsdkexwimqtmrcz.json,10
sun_afjofbpiualrfwlz.json,12
sun_bgrqtwqvlhdxwwea.json,12
sun_bfcrnwsmlvpuvrup.json,12
sun_antoqmxbzqzqoojy.json,14
sun_bzfptpieotexksdl.json,4
sun_bbqgnovfdferpqba.json,7
sun_bsoslkyvaokenrgf.json,8
sun_accirjnqxfbbwdry.json,14
sun_bmladklyprzymgoo.json,6
sun_adiiwobvrdhntvfx.json,5
sun_adqmgymlumduelnn.json,13
sun_bdnwochpwbdqtgbk.json,10
sun_amttmxsdbjiocycj.json,10
sun_afyrjzbnuspcoxgk.json,10
sun_bmmrzsqdlahcrzbq.json,8
sun_appcjzysrguvszsp.json,17
sun_baxoguwltnvnmyqc.json,16
sun_akxcpkquuuxdiqwv.json,15
sun_biiythptvxpbfwkr.json,11
sun_bxlbhoirpbrfqrhu.json,10
sun_agthkmaroyhaonur.json,7
sun_bjdftnlhsazvmjuy.json,14
sun_bnivvogrgljoztzg.json,5
sun_aglwwpjrtjdgrbsy.json,18
sun_auogkabgngfqqkaw.json,13
sun_brvopxqzbbmiggcc.json,6
sun_bwgoyohsqmxbyjxg.json,7
sun_bagmxxfdodupvbxd.json,12
sun_bbhabvbnyjdrklgv.json,8
sun_bhkqfzorgmtudjqn.json,2
sun_bmzcfgknkdaagvsb.json,9
sun_bmxpjbpotjqqjjte.json,12
sun_aekkynucosyodgdj.json,1
sun_bapmctishqwpgofk.json,5
sun_bsdjslgvpavusora.json,7
sun_bhtzlfresphagrgm.json,4
sun_bqwyqxdaewccspxe.json,7
sun_bqgfmjgjfxofyzwl.json,10
sun_beunofunoksbpwlq.json,9
sun_bbeepcwmuijibnuh.json,10
sun_blsbqavnfjjeugvw.json,10
sun_ajoobuvknzvshwzw.json,5
sun_aybradebkrmiljuk.json,12
sun_aqhdakwaodlhqhdl.json,11
sun_brstqndatwxkukya.json,4
sun_azwfdxsicdvgpbbg.json,11
sun_bdntgozxsjbuxxhy.json,14
sun_bacxjdyothvyafjs.json,13
sun_azuyiwoejycfgxif.json,13
sun_aciofoesudrskhdm.json,12
sun_aakrykgxfqjyunvq.json,9
sun_bvcdcqtuostypbbu.json,8
sun_bdfzbvthkewjkagc.json,4
sun_bdfwelxqhaufzyqb.json,11
sun_buqvakgmwhpaevfv.json,10
sun_alcrgfmnthjmdeew.json,10
sun_aoqkmjxwlivgbkhq.json,9
sun_bhratbdkkxrwhtew.json,9
sun_bvpzqefurpkmarxx.json,6
sun_adysrrgnddvmloix.json,20
sun_blegzvkseullxigg.json,4
sun_bqpxjdxxzsiisofx.json,11
sun_axbfuzwwzgccieam.json,12
sun_aaotjvucbfgmtzjj.json,6
sun_adbmrbyhsdystkhh.json,6
sun_aixfvvnrylnrlhzf.json,8
sun_acoxbobhnhxypste.json,8
sun_amzkvfakckwocslk.json,13
sun_azaoqtpxyqxsaelb.json,5
sun_ajxqlzmoovksgjbl.json,5
sun_bcaukzkjryumtcch.json,5
sun_bmkqtwsupjiixbkl.json,10
sun_bottkgfvxdezqdge.json,8
sun_befrbcslctncdtls.json,9
sun_ayalfiumstdpfnni.json,9
sun_bbifggebenswicin.json,10
sun_bnhdzzzqipffswva.json,11
sun_ajbpuqtgjfnvkjvn.json,15
sun_amzglrkivnzzcqvv.json,8
sun_auabjyowhptjcuzi.json,9
sun_aulusxykphxgwdtw.json,5
sun_bcitpvpnzgwcftug.json,3
sun_agyxzigdrogkojwm.json,8
sun_awujbiersxtndtca.json,7
sun_bfirzspexnmwjlyb.json,9
sun_affxuywoiiynvatr.json,17
sun_bzbsfohnoxeimmzi.json,2
sun_bkzzhyuyqjksqovd.json,4
sun_addggdwpymsbbyak.json,7
sun_aehkkaenyyjnewst.json,7
sun_bjmrycupxchbnthf.json,3
sun_bfyjotseuhewmrdx.json,5
sun_bgrtuuupzgpvjnbl.json,12
sun_asyugaozqgpyoilt.json,5
sun_bstgayeytugamcqh.json,7
sun_bkrnneadgjiacrsp.json,4
sun_atibjtzuhjtfxauq.json,9
sun_blmnxyehvcnlcixy.json,3
sun_bkxomboxzphxtmfg.json,4
sun_bzlzamvegzzipimi.json,9
sun_arinhqnywjqrtrhf.json,14
sun_bbkhtcuungbqabdl.json,2
sun_bcbqdmqfztkhxkad.json,3
sun_aalvhwdpyoipnzzy.json,18
sun_brmgtdhdcqcmjtzw.json,14
sun_asvogfgqcihmbuhy.json,6
sun_byokccltytynzvbk.json,6
sun_bgfurnmznsjcdbae.json,10
sun_bovpnolhvmqpdgib.json,5
sun_bdpknkavyulbibnl.json,5
sun_bciwhkffbduessdt.json,6
sun_abmhxsodaptaogbq.json,11
sun_bpzavdyipbuhavud.json,6
sun_aqxypnffmypblepf.json,16
sun_beatpransojiqtei.json,11
sun_bjrpxszcjhnqeaiw.json,9
sun_aapyhvdueagtxhar.json,9
sun_bhicdswlyikaabeq.json,8
sun_aelpnoofufvvqqhf.json,18
sun_bgemqswtqpaumisk.json,11
sun_aygkoljubkyhhycy.json,8
sun_atvttihupkekrxgr.json,6
sun_bgpskymwmztwqbgl.json,4
sun_arravjnrnptmyogs.json,3
sun_bumqfbcpqksfbges.json,1
sun_bkbbiytpekwrkgsw.json,12
sun_bughckodglpirnxy.json,10
sun_astltvyqbctixvfw.json,7
sun_acgxyyrqtufcunpm.json,11
sun_amanjegobfvstisf.json,12
sun_boxgnulphxuwuhts.json,8
sun_bbrxjlbkfmnjtxiz.json,15
sun_bfgthdpzwpuxxcpe.json,15
sun_bhqgdzyflgmvvpmt.json,11
sun_autidzdyhpcmuyrb.json,16
sun_aesovualhburmfhn.json,5
sun_agbvcebowhqfaqoz.json,8
sun_apdyivawxenhdhww.json,13
sun_acfgivghaydjibik.json,3
sun_arcfpjlzezoavbui.json,5
sun_adtlxwqzwmxiqykx.json,15
sun_acgxzrlwjgdzipip.json,16
sun_blekfgbyzypowciv.json,12
sun_acvfpwuanalbvjax.json,11
sun_bazxhypptopnojkw.json,16
sun_amuxhqcdvdyjslqr.json,12
sun_brwkzzrexqoahgfg.json,8
sun_asykklbjstjuyewv.json,5
sun_bbnmkzdnscvcaaaq.json,11
sun_abysfcvgcetptqxa.json,8
sun_beabfigygxshxlfh.json,10
sun_ajvylnkvejnlprts.json,16
sun_admopryvcnujmcez.json,14
sun_aqbhoghqvecjvohh.json,4
sun_bfxcfeevxaeqmncf.json,12
sun_actnsdjpqgtzjwcw.json,11
sun_bgchhqpsdjqwmrcb.json,5
sun_bbfvixdygbpxvyko.json,7
sun_aiplotqctietyzng.json,13
sun_auosbzpqsutlkuyn.json,5
sun_bkwiazejssjfvesw.json,10
sun_bhffvmcpchbklpdx.json,12
sun_bpizyuxgnkkgbhoc.json,6
sun_aqzpnmfqtgrpoczc.json,19
sun_anaaafpyeqdsnimg.json,13
sun_asqsfiqlmgyuimud.json,9
sun_aamidmlrrdfdnbgl.json,11
sun_afvltdcefngzbust.json,10
sun_bgjytsucreqesmlo.json,7
sun_bagsogdyzikrwoja.json,6
sun_arysrbyajtisgfcx.json,5
sun_ajrwezxmmjejxsbt.json,18
sun_aglnpsacqwglzesa.json,17
sun_aarrcygkwuzaeiuk.json,14
sun_bzjdnotizomfsdad.json,3
sun_bdjyjupowtqakfmu.json,13
sun_adbqeafhnziimllv.json,14
sun_bafursrpkimodzup.json,11
sun_biykzjtenhddsxdc.json,13
sun_aevezokbkeojznwq.json,8
sun_bewsiexlgmunlxps.json,9
sun_blfhgrehecmwbptm.json,4
sun_bltpodkxbcoxzsbw.json,10
sun_bpjnivyshuqatjzn.json,6
sun_banlwnpqndclffxt.json,3
sun_bgotxhymxahzhjub.json,11
sun_aydvvhqombqloffb.json,12
sun_ajjktnfzwntvwsfh.json,8
sun_bzwwygxzfnzcejmu.json,10
sun_bfouonyltkukjxbm.json,4
sun_aqtwemskfyhpopqf.json,10
sun_barzathtxpurptlp.json,11
sun_aesgvyjjesleubcl.json,15
sun_bikuicptxwraioci.json,9
sun_barxnwyebwxvhlaz.json,14
sun_aeeumyhcmdtyfovv.json,11
sun_bmwohircuibatcju.json,13
sun_bgssxvcsdrinsvka.json,12
sun_bzbjprpgglgregsp.json,11
sun_apdohjhuiiwwbtsr.json,4
sun_advkvazcsyvkumig.json,4
sun_bfrcsrcxquhgcnux.json,3
sun_bqhobttwnrvzcrce.json,3
sun_blyqrgqcdbyyyhkh.json,4
sun_amxfosiviwaocwcg.json,9
sun_agkrxexrskvqvcaa.json,13
sun_bhgmkeqkoxjscsxb.json,14
sun_acrjbaqsglaoxven.json,15
sun_bkndlzaanugxpvaq.json,5
sun_abhagkrdtsffboqc.json,8
sun_agjhddbulpifowlv.json,15
sun_bumirzuvsptmwbzc.json,13
sun_bdlmffiaizqlxoxd.json,9
sun_bonuhbnylxnbdkoc.json,4
sun_arijfafjbpwwwucr.json,8
sun_bpstejdilgvvzwsl.json,3
sun_bukzvwbkvedjexbe.json,16
sun_bqtreizbpeoqbpch.json,4
sun_byqgoskwpvsbllvy.json,15
sun_bjjqiwfyymursref.json,7
sun_bgolblaywgetaidf.json,15
sun_ajzouurcdlugixmf.json,10
sun_admfflktpyhrmrgo.json,6
sun_boxqwdzhtrxrgthw.json,13
sun_aofyuejouqtbyooo.json,16
sun_abhgxjqmsyeptisq.json,12
sun_ainxgwmberxsrkej.json,12
sun_bwnvqkvpyqgkmtcm.json,7
sun_aleymscxsisnveqp.json,4
sun_bhhmdgoibwgubpgy.json,13
sun_acfvvjmfvmeiplkx.json,13
sun_adfoijwzcmcxweiq.json,12
sun_ajbphdqxyiykpfzz.json,5
sun_atnfqcmathixmjow.json,4
sun_bauwwrjuuziquijw.json,5
sun_baigtkrwgvvbtjxj.json,12
sun_aldlswjamivyakzj.json,17
sun_alshfwudkoqnqype.json,6
sun_acnxqvumxuhphsox.json,15
sun_amagqndvvlvclvaa.json,8
sun_buafswvgufxcovce.json,11
sun_bvzizycgbeghlfci.json,5
sun_ateoptjjakachbou.json,13
sun_afwoegcwhuwpubly.json,4
sun_bndbkdzixliunlbz.json,15
sun_adhfdpqdtxovgeaw.json,14
sun_arthzeaduktgynev.json,11
sun_bpecobmqqpzhejbj.json,8
sun_bpihlrghblffkshc.json,5
sun_btxbetsunlpwrnhs.json,8
sun_bursogyeljvlegan.json,4
sun_absqagjbuzuvhboj.json,14
sun_avjvdzcutddwweuj.json,7
sun_akwvdhqsbtcesevi.json,17
sun_bsieafhuqrnbhiyh.json,11
sun_ayuaydjcuqxqnrlq.json,13
sun_bddrwdlacrymymur.json,7
sun_bzbwppkmmulpqnkr.json,5
sun_aitugazcpdxlcexr.json,11
sun_behvlonmknqlnxrc.json,13
sun_abrlnvzmqklirrnl.json,12
sun_bdkglcanoliyzurx.json,6
sun_blnmtxtvrjaufsrd.json,5
sun_baztjayuqhvdcxph.json,17
sun_bzolfrhocvsablts.json,10
sun_bdnyrtlqfsgkqova.json,7
sun_aaovkqlsvacznbgr.json,12
sun_bbaynapedjyslcxb.json,13
sun_bcwcfakrunomyxpn.json,4
sun_bbjuskmlqfslipfw.json,7
sun_aiaymzoqhwcskhet.json,8
sun_bqfkrpcpakhwiilp.json,12
sun_aattbuwagkecsqek.json,3
sun_bukeyaepgtqixfxc.json,7
sun_aufbguyyrccwwxuf.json,17
sun_adbdknfmtkvlxcxq.json,17
sun_adojlmejvaqzgrcu.json,7
sun_arafgkcopmbpfaep.json,9
sun_btympspwijfqaqko.json,7
sun_aufspxbtqorylcna.json,13
sun_agszvozijlyqqeyn.json,7
sun_byuhjpweygtwpwbj.json,5
sun_ahhnjksmytmbzmmp.json,5
sun_arahdppusymomreh.json,12
sun_bexmlggwjjvdhcjs.json,13
sun_abwkecxdrvamjxlk.json,7
sun_bgpysxgkeqxnuemb.json,9
sun_buyxiaambrtnnfmf.json,7
sun_agvzntnnphsuqbmn.json,10
sun_asiojdegqcvrpizr.json,11
sun_blymhomkdhqyxkmj.json,8
sun_bajbxsbzlpsplebf.json,13
sun_bnanfhclyxnsjzgc.json,9
sun_bagrgybtgqawoifh.json,9
sun_aezwbvhlalnojnhr.json,7
sun_bnjgpcrfxqawdfjf.json,5
sun_bhkilidhnuzrfdoc.json,4
sun_banwlxzczuuxgcze.json,8
sun_atrdwidjvfvyiehn.json,19
sun_arooxbisltdzotno.json,13
sun_bmeclylamagtutkc.json,5
sun_bzoysmqxfkzkrxzq.json,6
sun_bluyqwtrsfarwukn.json,7
sun_bmgnekzyzssxclzw.json,8
sun_aqftpyuksqtdtceh.json,18
sun_abauvuqxzsxdgtsx.json,7
sun_aubehthmwgfqgrxl.json,16
sun_bhmsoyfvgpwtdhgk.json,11
sun_aojrnsqotnhfozgr.json,12
sun_bfvmjlomfvojcjbf.json,8
sun_bvrjcpxylxoyalpu.json,3
sun_bcgvicnoizbbuiwk.json,6
sun_aajsfnjsaqdunpdp.json,7
sun_aawlazprqrjhwtpa.json,13
sun_bmcutuofemllyocq.json,11
sun_bugpcnvxmhqxnzfc.json,16
sun_aubznxmxiewlwdbi.json,12
sun_auyrvbsgjzcbllwy.json,14
sun_bzcbytiglfpamxno.json,4
sun_btmpgmqlzvnsfueg.json,3
sun_bjvbeshlnugqsfmx.json,4
sun_abpiybxizgawpmky.json,11
sun_bbrvgokgbvlfakyv.json,9
sun_agwogizmdwmzeeta.json,6
sun_abhavxyiuqqdxvgd.json,8
sun_bjiqtmffnnoulefg.json,5
sun_bxvuvsbvefpfhoor.json,7
sun_agjevbttbucaxtcp.json,10
sun_alspyxejzukmyyvf.json,14
sun_bphkwnlauepividj.json,7
sun_bnokhadzxslvdqrc.json,4
sun_bcsilmmjzqbejnxh.json,5
sun_bepjhziukqmxktip.json,17
sun_aogurmvyvbrumjot.json,6
sun_aukmeobryrcehyvo.json,7
sun_bzblhlcujhvbmtsk.json,7
sun_aoraqrqbcqkhzbok.json,15
sun_akchetnepxlcxhsu.json,11
sun_bkaeugvancwoiknl.json,17
sun_abwwevvzrincpcjk.json,5
sun_bjlckptwozlsxfvr.json,6
sun_avuqfmqnnacpugwc.json,9
sun_belkzcvlquyyzxlu.json,4
sun_abcwfshruftobgfp.json,9
sun_bgusozmwcjqeelmr.json,8
sun_byhsoftcbgoyimrg.json,10
sun_bgbulbzhfqurfrcs.json,7
sun_ahzyzreaawbkanmp.json,10
sun_bccaowdaexrvafyv.json,5
sun_boxfizxdmlaotdgc.json,4
sun_bmfabvqgfwtmjneq.json,2
sun_bszxwyguqiztashe.json,10
sun_bujzmvmaktrcwuqg.json,4
sun_azyaahqmkktxzzer.json,13
sun_azhdevaibilykmgu.json,18
sun_bgcqkwzhwbtbdbbv.json,6
sun_bhribroenyyculkx.json,4
sun_adzadpbmztekfiwh.json,14
sun_byziwbrwhhpxaydu.json,5
sun_bplgyeqclqlogugd.json,3
sun_aggtgalfwqduodph.json,9
sun_abcexmhrrazffdxe.json,7
sun_bamwngxburzzpymm.json,12
sun_akuognalfgmelepa.json,11
sun_aommjwmxdutsenlq.json,11
sun_avlnvwvxcqsxukep.json,11
sun_acydkjhptgkxbybt.json,14
sun_arqsljseyautnkfv.json,3
sun_byzjgmmogjopssok.json,6
sun_amhaqxrmuqtylgcx.json,18
sun_aaofphpvkeqlhwgu.json,15
sun_bmlqeyqafhorypsr.json,13
sun_bxcaalgmiqxdiuqf.json,3
sun_bkcfbmtcumwrvxlb.json,6
sun_bncmdqzpobwbscgh.json,4
sun_byapwpssjeemastl.json,5
sun_bsjsjanotbmolvgq.json,6
sun_anuzjozqcvokbpbn.json,12
sun_bgrxvaeeqwblfrqq.json,15
sun_brxnzlgwkmrqvqym.json,13
sun_bduxjnkcugmhcpag.json,2
sun_agblpzrkbqcipkyz.json,9
sun_bmtvnwwelrekwszo.json,14
sun_bsbmxedcrvxjljoh.json,3
sun_btsqfalwsqicirdz.json,5
sun_alwwbuvtkfjiybvl.json,9
sun_bqayinfibktniqmo.json,10
sun_bnzfyfdvhsngnixw.json,7
sun_aatxlublfjchvvzu.json,15
sun_bwlnmlrzpmrkxwsj.json,14
sun_bfyiordjfwofpafr.json,12
sun_burokageiugamrul.json,10
sun_alnurdgpqodhpawt.json,13
sun_arncvdmklnuziroz.json,11
sun_bcykiecsgkmqxovi.json,11
sun_aqqabpdqjxygueuw.json,11
sun_afgbnvgqbsxpomau.json,13
sun_bljymfxujgbxjuvx.json,3
sun_agvctqwhcbxfrglt.json,9
sun_bvhngzsvssqdjqpz.json,7
sun_bbmerxsqpjlodkuz.json,8
sun_bvbqpnzbgnhenfmy.json,8
sun_acdgufoamnnvlkuy.json,15
sun_afuxtcmpnmheomyt.json,14
sun_arvafmnvwcswwnwh.json,8
sun_bhcgsdwthuyomlrv.json,17
sun_anbdspwawzgrwnla.json,17
sun_bzctygzpuoohrvai.json,16
sun_akgsgfelkaxhkmgo.json,8
sun_bohuyqxtsxywcajl.json,8
sun_aczwgyukesaajxnx.json,2
sun_bfhvvwgvxxjrctil.json,8
sun_bfpaqdemyawwwahn.json,5
sun_aabjtppsnozdurdt.json,9
sun_bdmgmqsmmqkthilp.json,12
sun_bikalvduyffzfiwp.json,5
sun_bfrwtvtaqrroyjao.json,15
sun_bwrxuzjzmvewrchl.json,10
sun_bhudxlpdkywdgwba.json,5
sun_borylzqazfbcrrrd.json,12
sun_blxswaxpoupgwihl.json,11
sun_awpnvdbxpoaugrga.json,7
sun_bbjpwjobjhuarxzr.json,14
sun_amrzjugrfoydgxhd.json,5
sun_bdjofnflnlvogafd.json,11
sun_acpuwvhrdqhykpsh.json,8
sun_bfnppamlyniiwcia.json,9
sun_bjarokmvhzncwcag.json,11
sun_byvdfrqywtsiavuf.json,10
sun_bsmawofdhkgpgmeu.json,4
sun_bmicbywtgzbygxyr.json,7
sun_bbhhlnxpqurnjnds.json,15
sun_bfqguhaicrghwgdh.json,9
sun_ahlfddloqfpagejm.json,8
sun_aqeikwpwbwvsnetj.json,13
sun_adtwbpowivasnfgz.json,18
sun_bvrzfxxxhinynrcp.json,4
sun_bcgskwhauninzvhk.json,7
sun_aspjegmgbnxlmkzb.json,5
sun_bqjzgmttjagpamzt.json,7
sun_agaebenfhqmciryu.json,14
sun_awznnowvdgitriji.json,9
sun_bvwsfuegdpqxcreg.json,4
sun_axtrtuvronnaijwz.json,11
sun_bivbjkdbxmkncqwv.json,2
sun_bswrcddsdaymohah.json,6
sun_apivfqbmmscioozr.json,14
sun_bbuizyudrdtwknpa.json,11
sun_bcanxwxacwqfxkbf.json,5
sun_bwwxicczpmsfrrkc.json,17
sun_araxtjxjbgzkdpbg.json,7
sun_broadkwknschzvvz.json,10
sun_btxdfkuoehgmlglt.json,12
sun_bfiicuwaeclhhusy.json,3
sun_baexsqstopvlczqa.json,9
sun_awrxnfdfzyznnbtd.json,5
sun_ajvklpmjherjgxrt.json,13
sun_bsrsosywofxosirx.json,8
sun_bwcpryajaazjjgfq.json,6
sun_bgshkoltnrmilxns.json,10
sun_bcdqgpzumsmvknfn.json,8
sun_agqborhpkvvwbvfl.json,20
sun_bcwzdiyoozzrwjcn.json,12
sun_artdjhucuwcdlzal.json,13
sun_bnutyshnyfueffma.json,8
sun_aizcycyyvgfcdnzp.json,12
sun_biiobaofvszgqpkm.json,15
sun_bcqjthtjrluwygzp.json,6
sun_aebyrsomkbjtenvm.json,10
sun_beyiaxemhyjtpcmo.json,19
sun_begolqlvjxtuybtu.json,5
sun_bukyazojoherrujg.json,5
sun_bpcghwatvqbjulxy.json,3
sun_bicgcuyqnpbpkipn.json,9
sun_bdbjekwkvqzmcsml.json,10
sun_brlsjyqmrtnvwdjs.json,13
sun_awhlypaaugihvrjk.json,15
sun_bkqnsqatzzpnuqik.json,13
sun_bgjctipxhtmkvnmw.json,5
sun_aryoaqwczywhgalc.json,13
sun_btwbhwvpmznjsvus.json,5
sun_bxrvchtfalygojan.json,4
sun_ahspylgoovwmwvgk.json,11
sun_bjirabrawmznrrls.json,6
sun_bbduqosbteypfkil.json,5
sun_bzqqgmgribagkwxg.json,4
sun_bacrdoylchxynnwy.json,7
sun_agvyejqmcrhrvpbo.json,4
sun_aaexpnawiehinlpy.json,12
sun_akqesljoypfqyjdc.json,4
sun_bxhaseuplhxmglda.json,10
sun_biltnjxzqdqjzhsn.json,4
sun_aavgrdvhbtrmxhpy.json,9
sun_biqmabkmyhrrasmc.json,3
sun_bxvwtcnzkkasthwu.json,5
sun_aryemauxglpckieh.json,9
sun_bxgfcxpmogzjmsau.json,5
sun_amwiwefdmxdztyam.json,6
sun_bnspnryirvhahebz.json,8
sun_aolklzlhpveocgfv.json,6
sun_bfzthossqiitlzic.json,9
sun_btjevcvrxjpeyoxz.json,9
sun_bzybqfaecwsubwwo.json,10
sun_apeekzkajfswlykn.json,13
sun_bonwvapbnhwzmqtb.json,7
sun_baeonpcwemmakdap.json,14
sun_bbtmkzyovrnquflk.json,7
sun_admzmthmjgmaimfo.json,8
sun_bjdsuuanziclbdcg.json,6
sun_bhpxggkfepallypm.json,12
sun_bbgzuwnafsiyobtr.json,8
sun_bmtbldypepqtfcha.json,11
sun_bppwnyxlgptkrpwo.json,8
sun_bhapnuxerxejofbw.json,8
sun_aoxnfiyuzeouurxi.json,16
sun_aamdtqvmzkmjgivi.json,12
sun_abjllhhfuvcygwtk.json,17
sun_agbzwurdlaqqexep.json,7
sun_ahdndszsihunmxpp.json,9
sun_bcbdewxgxmdabwqs.json,6
sun_aucikzzfjeeqyewt.json,9
sun_bapxsulexojpepyd.json,9
sun_abpqxslcljhrwmck.json,15
sun_aoujnixvugpagelu.json,3
sun_bkzcruvdqfrkgnuz.json,9
sun_bcqbutakfpoibwek.json,8
sun_bicunceqwddmddnv.json,7
sun_aaenwecffknbumjq.json,12
sun_bcyqhmsuncrhyodx.json,9
sun_bdnnikxazmeqlgmc.json,6
sun_alaoxkdoftpxwxef.json,13
sun_bxcsvzfynwtynbwt.json,5
sun_bktofjuzxidajaet.json,14
sun_bxxtkmyydusifqkv.json,7
sun_bwkvdeqiygcrqwxi.json,4
sun_bbdjhnyxymlxoqfm.json,9
sun_batttoktqetanmfx.json,9
sun_aiwjjxhtgtrwjdsf.json,12
sun_afrjiwlvfcpraawg.json,16
sun_blfhfhepbcnfaecb.json,10
sun_alkjmjqmptfkwxnj.json,5
sun_bqmragbbtgktewba.json,7
sun_bebpnsxwaiexxztj.json,9
sun_aalrsaxeqqthtwnd.json,9
sun_bcgnheoxjckdlcbs.json,3
sun_aarzwginlqrfnzvf.json,11
sun_bjesrezktozovics.json,8
sun_asxolzqcqtihmbju.json,9
sun_agswoygnhiabzikj.json,5
sun_bmoouvnnsnxypsla.json,10
sun_adqndcjxpptvizjl.json,13
sun_bixlijfsbzavgyof.json,10
sun_auyvxoybsqfsxbyq.json,9
sun_agnrtccxffxbnijx.json,5
sun_baumnwsreoypvzxf.json,3
sun_aobmifrqaweybqpa.json,8
sun_agysnixnkhpsvtmr.json,16
sun_bglqunwuycxydmyu.json,7
sun_akjxzdcdwzfximmk.json,7
sun_bpsnkrcqsvmhsuqo.json,17
sun_aaphkzwyhkodgwey.json,10
sun_agyrffqdcxgchrqc.json,11
sun_aghpssksjtcabhqr.json,9
sun_brltdrpgsjpmgxwt.json,12
sun_bphjgeqxklsuuhiu.json,9
sun_bcitvhafynsmchww.json,7
sun_anzbjguxdgpobefx.json,11
sun_bqfevzqzayamjbml.json,12
sun_aqovleaxrjqeddyp.json,12
sun_bvfurauxmvdtyvgf.json,10
sun_aaktvzxuzcrholrn.json,11
sun_auhggbbgdgmtvszo.json,8
sun_bihzigebljxkdqaz.json,9
sun_axrwotfyacoapwxp.json,14
sun_avwkltzuwiujlpvj.json,15
sun_acpxjhfbxfstfrtj.json,6
sun_bgmejiphkmqaxpog.json,12
sun_aokcojhjotquljnw.json,6
sun_blojyrvlkifrickr.json,11
sun_azregxypmjjevjem.json,8
sun_aatmuzoutxkrdikv.json,3
sun_bfmhmrfewqpojtbj.json,4
sun_acklfjjyqbayxbll.json,6
sun_agxjkxyxedwlzvkg.json,7
sun_beywxwpgsancacqo.json,8
sun_belhxumgqndhcjnb.json,12
sun_bwycyjtngmsxqhdq.json,6
sun_ahywdevtimnqcsln.json,12
sun_aihpgihxxnmwqdcd.json,8
sun_bltwdmjxaxlwyido.json,13
sun_bilonbbxhmwsssef.json,8
sun_bgwmiqwlreupuwqs.json,13
sun_aurdrpfzpequbptg.json,6
sun_arffihzwrfsleobm.json,9
sun_bpxgjtnjjuccyxjc.json,9
sun_bflturjnhzlhrmth.json,4
sun_acdlgczjpwkeuvgy.json,8
sun_aaslbwtcdcwjukuo.json,9
sun_bxpftazinzuaahhk.json,9
sun_asvcfruitoxygxrv.json,6
sun_bdjedywekxzslifa.json,10
sun_bdlfjacvgmzhnijp.json,5
sun_bfchgzgcdwtsnaxk.json,16
sun_bdawfouuwvsojarv.json,3
sun_blcfplilhaeruswa.json,5
sun_axakxdilafzcooox.json,9
sun_beupyporvxbqvrqu.json,6
sun_bcammxxgnpynvfig.json,6
sun_bvuyrsopkhlvhmty.json,6
sun_bibgcrzzlstdnbea.json,10
sun_aohqvhrlwvbexvnk.json,8
sun_axmmgcsxwtsmadxu.json,9
sun_beprzjdksyhqbxhx.json,8
sun_bevxnqpoqiwuotap.json,6
sun_bhpxikxxkuopazhu.json,17
sun_abfqgeggtdlpvwsw.json,10
sun_bxmalwrgyakiaqvb.json,8
sun_bcdohnkcrdwttzxb.json,10
sun_bfamenrbbamqczro.json,3
sun_bltxnjuempwrfypr.json,5
sun_aqkxfqpdzqqjublm.json,11
sun_agldadusrezhmyva.json,16
sun_bfnfzkqmwrjezqtw.json,4
sun_akvgycniyttaeipg.json,9
sun_bpitlhevfvplujnj.json,8
sun_bagnqmholhdjvckm.json,9
sun_blvbtnjdqwnhpkce.json,4
sun_bmhxlxfyhoejizbf.json,5
sun_aaovtbniyzpboymw.json,15
sun_baynnkdwzeupzzuv.json,12
sun_bhjlnvxiyljwqgtb.json,10
sun_apsyfsflirzrdlaj.json,7
sun_avdfessvodflyqdn.json,18
sun_buyhsbfaznkxrubj.json,7
sun_alrznsjlzdkyoioa.json,3
sun_blxikcfmlqneeoti.json,16
sun_beyqkdhbapysbwbv.json,6
sun_bxeiylbtpjkvjdja.json,4
sun_bioqyrrgfmkqqtds.json,3
sun_agahbbcqrhxaeuwv.json,6
sun_bvzeaztqswaejwrf.json,10
sun_bjscmtoxhwcvzbkb.json,7
sun_aaxteygyigqyqzum.json,3
sun_aijkdpqohzcmjsco.json,12
sun_anttehhugofruyuj.json,10
sun_anaxbhxbrgeskkom.json,14
sun_blrfgncuqysvtcbg.json,11
sun_avflgvmhqjaljulz.json,4
sun_bsqflliylybfmwhn.json,3
sun_ajokwebqmiuzucqo.json,11
sun_aqlpfaorsvofqfuy.json,12
sun_bpvafxvnkfvcgcgn.json,9
sun_btffykywgxewtvir.json,8
sun_bupeehmamgegewpl.json,7
sun_bdhcuvandflhpprv.json,7
sun_bxbpelhwpegldjsl.json,12
sun_bgfsyqptwutkghni.json,11
sun_bzlmupmmiqdoxiio.json,7
sun_bfqkksxqisfiefwe.json,7
sun_blfoisnvweqrqima.json,18
sun_amtnhoeymsbotabs.json,3
sun_aqyazfjzmeyzhrel.json,15
sun_adspmthiralksljq.json,5
sun_acvspbpkzomoaigv.json,7
sun_bbutrnszdickxmaw.json,18
sun_arxrvqjklsngango.json,18
sun_bpwzikwwcsmywvvr.json,14
sun_acsrcrvmkcsrvtcq.json,10
sun_ajdethecbcfhexju.json,14
sun_ayicwupetquqvbuv.json,5
sun_bgshlqnjiisfgwzk.json,4
sun_aauyjffemrxqcirn.json,7
sun_ahpwonrlyygmzvtx.json,6
sun_aonxmamtchxbkgfu.json,9
sun_bhqefrhdiawniwgg.json,15
sun_bkdzxzongvkxaulf.json,13
sun_bbcjivpvhpionjqj.json,9
sun_brhpjebzpqhxlgbd.json,9
sun_azdvpvrznvgpeaao.json,12
sun_aokgqlnxzonxwzlk.json,7
sun_brrjzlcdrrwsspqs.json,10
sun_bzludvbnpfogksta.json,11
sun_augjvuygusrwlxqz.json,16
sun_bnhqckgknuryydtg.json,13
sun_axylkzzvrakkczkl.json,17
sun_bnuuaaopwmcclqco.json,4
sun_bemfeutndcfrgthg.json,6
sun_bhmgtdtvtipmcvrg.json,4
sun_ahlifjixdpvtzxbh.json,17
sun_balbaeovkgwnsomi.json,5
sun_bhuxcsblqdutopye.json,11
sun_bwwsahpstphbexsu.json,7
sun_biizajddslqxlmqw.json,8
sun_bzrqwhrbbwxzxdev.json,5
sun_bkyryspcupjqmqqx.json,3
sun_abeyhmxodahoieyk.json,13
sun_bvlmxigpntvpryxl.json,9
sun_azltjhgpbomjunfc.json,10
sun_bcanfjwggupeamtz.json,5
sun_aaajuldidvlcyzhv.json,11
sun_amrvdczvsebcuiru.json,5
sun_bzpgankngofzcwci.json,17
sun_axlabldjwdulbbuv.json,13
sun_bffqsvafmjibtkro.json,7
sun_aqryhfhyierxdzxi.json,17
sun_bfovljowxowcronr.json,9
sun_ashtisuzjlikuvhe.json,4
sun_bdoxtpzaufrdffsa.json,13
sun_ainzlfozoxxasyfe.json,13
sun_bljyguxxfiakvvcz.json,9
sun_bjvbpfvvemawqdti.json,14
sun_bfwkibabqdlmrgrj.json,8
sun_auuqrbypdtqpnviw.json,2
sun_btoivoyxjojqutdv.json,9
sun_ayuquurjulxlnkjc.json,12
sun_akndyxefbqzbqsqy.json,15
sun_bjphbnylbgsuprob.json,8
sun_bodxeitzhnyqleqr.json,7
sun_bkmigzgyorjhhllp.json,14
sun_bshdfjtqeawwctyu.json,8
sun_ayiaoydvdtjqnmyf.json,8
sun_bmyozoiuweyqnygq.json,16
sun_aahzjzgqsstcdpnq.json,11
sun_bscznrajtpgmedue.json,5
sun_absocoelsihaofzb.json,14
sun_arpxtcyqwridpafp.json,9
sun_abgovsbwwyozjdzp.json,16
sun_aosvqijvmwznjrsh.json,4
sun_bjrxopjiakyihdqo.json,4
sun_beslvgvcytmlwzdb.json,14
sun_aadakyricvbjhamx.json,7
sun_ascscizerrcsswcd.json,12
sun_buubpayscjcxyypt.json,3
sun_aljophkbqeqvcdgx.json,7
sun_aflsnycseiotupac.json,6
sun_ageesrbsavpweokk.json,10
sun_bqkwmxoqnqvjsblj.json,6
sun_baycehpwvemhbrlc.json,9
sun_ajnrakzwcfnluodd.json,12
sun_bxrkinugbvzohlmu.json,14
sun_aywuiguudlcklxiu.json,12
sun_awjucfvtjllxrtkv.json,15
sun_alouvjfpycbghnrv.json,10
sun_bhxlcbznombmfbat.json,14
sun_baifmibakbdayypj.json,3
sun_bgqgarhskkwpvhpi.json,6
sun_bcfhudayuzvvkytj.json,4
sun_bsrfchwomlurreln.json,4
sun_bowpnckdplphcsyb.json,8
sun_aiztxdurlviyfwxz.json,14
sun_bdnhffttgbnjqrxj.json,8
sun_bnpoflidwifjpkwt.json,18
sun_bpxgmqnwboogllyq.json,6
sun_bitmrnvphhuvrwns.json,8
sun_bnmphahemonjytql.json,14
sun_binlopsjigoggxlk.json,11
sun_bpzsljbjxqqfgtuv.json,13
sun_bmuwhlbutxkwhwfj.json,9
sun_bropsghvegnvqogb.json,5
sun_bkjbcqikzkwiuhjz.json,5
sun_btkjvzkflmmaqhgn.json,7
sun_brcspjayfcolnxbc.json,7
sun_afdefsrtlbtfdhxq.json,10
sun_agdvlwwnditixnrn.json,16
sun_adgdwcyvmegvkhww.json,8
sun_bwidvgzwofvfteaj.json,5
sun_aqwolgzmtnbgpaxo.json,4
sun_awrpplbfwpcnfprs.json,12
sun_awanhgiwrrxlxomx.json,15
sun_bgfqhfnbogqqgqte.json,5
sun_adwhvoekbdqbcfoo.json,8
sun_aieghmacpppxajox.json,8
sun_anjgzxqwccbiozsw.json,25
sun_bwqutrxvixryrlwg.json,11
sun_aszofvjvisonzolt.json,18
sun_bcnnwzitahpeirun.json,12
sun_bxquctnaduoyrbgc.json,3
sun_ainnuzoalvhqvxfn.json,3
sun_ahifhbkwjyroemyr.json,5
sun_afrwiykoncfkfqtf.json,5
sun_bouyyrtkaekbntgm.json,8
sun_abxrfrucnptodioj.json,11
sun_btgprjecbvcbbmir.json,17
sun_bcupyvvgagpfoiek.json,8
sun_bclxuaebxbiounqw.json,20
sun_bmhyvtokbpztqmsm.json,6
sun_ahphmnxxnwuclnfb.json,8
sun_azkaltevhhcogwys.json,10
sun_bkkauiedynghatdc.json,13
sun_bjoripfafgpwaito.json,16
sun_bjxtkjavbhuarzsl.json,14
sun_bsqarutvxoslvqws.json,9
sun_aatrbduljuukjgin.json,13
sun_bfrshcqxwctwtokz.json,13
