79.json,13
78.json,19
77.json,14
76.json,15
75.json,8
74.json,24
73.json,13
72.json,20
71.json,17
70.json,30
19.json,5
18.json,17
17.json,3
16.json,26
15.json,24
14.json,4
13.json,11
12.json,31
11.json,11
10.json,28
69.json,46
68.json,36
67.json,58
66.json,56
65.json,29
64.json,23
63.json,38
62.json,18
61.json,24
60.json,11
99.json,58
98.json,52
97.json,9
96.json,53
95.json,43
94.json,17
93.json,66
92.json,50
91.json,54
90.json,27
59.json,25
58.json,81
57.json,28
56.json,12
55.json,1
54.json,56
53.json,14
52.json,5
51.json,12
50.json,10
0.json,58
89.json,88
88.json,26
87.json,12
86.json,28
85.json,29
84.json,24
83.json,26
82.json,20
81.json,13
80.json,35
6.json,17
49.json,78
1.json,42
48.json,5
47.json,3
46.json,25
45.json,22
44.json,6
43.json,77
42.json,45
41.json,54
40.json,72
7.json,15
2.json,62
8.json,6
3.json,75
39.json,65
38.json,67
37.json,19
36.json,78
35.json,12
34.json,69
33.json,17
32.json,98
31.json,64
30.json,30
9.json,19
4.json,41
5.json,13
29.json,59
28.json,20
27.json,5
26.json,39
25.json,17
24.json,14
23.json,17
22.json,43
21.json,6
20.json,4
