126.json,3
394.json,10
151.json,10
214.json,12
288.json,5
108.json,6
302.json,1
376.json,10
133.json,4
221.json,12
295.json,9
358.json,10
115.json,5
383.json,6
140.json,11
79.json,6
203.json,1
78.json,11
77.json,6
199.json,8
76.json,14
75.json,11
74.json,4
287.json,5
390.json,18
107.json,17
73.json,5
210.json,3
72.json,4
375.json,2
132.json,11
71.json,8
269.json,9
70.json,10
19.json,4
18.json,14
294.json,17
357.json,8
17.json,12
114.json,6
188.json,4
16.json,7
382.json,4
15.json,11
202.json,6
14.json,8
276.json,6
339.json,4
13.json,7
12.json,5
364.json,5
121.json,3
11.json,6
195.json,5
258.json,3
10.json,2
283.json,7
346.json,14
103.json,7
409.json,5
371.json,8
265.json,6
328.json,5
187.json,7
290.json,3
353.json,8
110.json,4
416.json,6
169.json,5
194.json,12
257.json,5
360.json,9
282.json,8
345.json,5
102.json,8
176.json,9
239.json,4
264.json,4
327.json,12
158.json,4
352.json,10
183.json,15
415.json,7
246.json,3
309.json,11
271.json,3
334.json,6
165.json,6
228.json,9
190.json,0
253.json,2
69.json,14
316.json,7
68.json,3
67.json,13
341.json,5
172.json,9
66.json,3
404.json,3
235.json,11
65.json,12
64.json,9
157.json,15
260.json,6
63.json,14
323.json,9
62.json,13
61.json,13
411.json,3
139.json,13
60.json,10
164.json,3
227.json,3
330.json,5
252.json,7
315.json,4
389.json,3
146.json,5
209.json,6
171.json,3
234.json,3
400.json,6
128.json,10
322.json,13
396.json,7
153.json,13
216.json,1
241.json,6
304.json,2
378.json,4
135.json,2
160.json,17
223.json,12
99.json,10
98.json,7
311.json,6
385.json,5
97.json,10
205.json,3
96.json,8
95.json,9
127.json,5
230.json,4
94.json,2
93.json,8
92.json,7
289.json,13
91.json,4
109.json,11
90.json,4
377.json,7
134.json,8
300.json,2
222.json,7
296.json,10
359.json,8
116.json,16
384.json,5
141.json,2
204.json,0
278.json,4
366.json,16
123.json,7
59.json,4
58.json,13
391.json,8
57.json,8
211.json,5
285.json,6
56.json,4
348.json,14
105.json,10
55.json,11
54.json,10
373.json,5
130.json,7
53.json,3
52.json,6
51.json,3
189.json,7
50.json,3
418.json,6
277.json,4
380.json,11
200.json,18
365.json,17
122.json,1
196.json,18
259.json,5
284.json,11
347.json,5
104.json,13
178.json,19
372.json,10
266.json,8
329.json,3
291.json,7
354.json,14
111.json,5
185.json,10
417.json,4
248.json,13
273.json,11
336.json,13
0.json,6
89.json,11
88.json,8
361.json,6
192.json,5
87.json,3
255.json,8
318.json,12
86.json,4
177.json,7
85.json,4
280.json,2
343.json,18
100.json,13
84.json,2
406.json,2
83.json,3
82.json,6
159.json,6
81.json,6
80.json,4
184.json,8
247.json,4
350.json,1
413.json,7
272.json,8
335.json,8
166.json,8
229.json,3
191.json,7
254.json,6
317.json,1
148.json,6
6.json,10
342.json,15
173.json,7
405.json,12
236.json,7
49.json,3
1.json,8
48.json,12
261.json,8
47.json,3
324.json,13
398.json,9
155.json,8
46.json,6
218.json,6
45.json,10
180.json,3
44.json,6
412.json,2
243.json,7
43.json,7
306.json,9
42.json,6
41.json,10
331.json,3
162.json,3
40.json,7
225.json,6
147.json,7
250.json,10
313.json,4
401.json,8
129.json,6
397.json,8
154.json,3
217.json,9
320.json,8
7.json,7
242.json,3
305.json,5
379.json,9
136.json,5
2.json,6
161.json,12
224.json,4
298.json,5
118.json,10
312.json,2
386.json,1
143.json,7
206.json,6
231.json,4
368.json,11
125.json,12
393.json,4
150.json,9
213.json,3
301.json,6
297.json,6
117.json,11
220.json,7
8.json,5
142.json,6
279.json,2
3.json,9
367.json,11
124.json,3
198.json,10
392.json,5
212.json,5
286.json,11
349.json,16
106.json,7
39.json,2
38.json,4
374.json,5
131.json,6
37.json,2
268.json,5
36.json,2
35.json,5
293.json,5
34.json,3
356.json,11
113.json,7
33.json,6
419.json,8
32.json,4
381.json,2
31.json,12
201.json,13
275.json,4
30.json,10
338.json,4
197.json,9
363.json,9
120.json,5
9.json,6
179.json,7
4.json,18
408.json,10
267.json,17
370.json,12
292.json,11
355.json,15
112.json,4
186.json,8
249.json,3
274.json,8
337.json,11
168.json,6
362.json,10
193.json,7
256.json,9
319.json,7
281.json,8
344.json,8
101.json,9
175.json,3
407.json,5
238.json,3
263.json,3
326.json,4
351.json,14
182.json,3
5.json,16
414.json,1
245.json,9
308.json,9
167.json,10
270.json,8
333.json,2
149.json,5
174.json,14
237.json,1
340.json,3
403.json,6
262.json,6
325.json,8
399.json,9
156.json,13
219.json,7
29.json,5
28.json,7
181.json,5
244.json,4
27.json,12
307.json,5
410.json,5
26.json,7
138.json,2
25.json,12
332.json,4
24.json,8
163.json,4
226.json,4
23.json,3
22.json,8
251.json,4
21.json,12
314.json,7
388.json,15
145.json,6
20.json,5
208.json,8
170.json,7
402.json,9
233.json,5
321.json,9
395.json,6
152.json,13
215.json,8
137.json,3
240.json,10
303.json,3
299.json,1
119.json,13
387.json,6
144.json,11
207.json,9
310.json,3
232.json,4
369.json,8
