126.json,272
151.json,104
108.json,108
133.json,102
115.json,411
140.json,161
79.json,173
78.json,119
77.json,29
199.json,180
76.json,46
75.json,133
74.json,119
107.json,142
73.json,176
72.json,118
132.json,219
71.json,93
70.json,468
19.json,117
18.json,133
17.json,122
114.json,113
188.json,51
16.json,206
15.json,64
14.json,145
13.json,158
12.json,135
121.json,166
11.json,94
195.json,126
10.json,120
103.json,174
187.json,107
110.json,273
169.json,89
194.json,138
102.json,84
176.json,174
158.json,125
183.json,177
165.json,130
190.json,257
69.json,57
68.json,60
67.json,105
172.json,216
66.json,161
65.json,285
64.json,269
157.json,18
63.json,84
62.json,123
61.json,145
139.json,85
60.json,43
164.json,312
146.json,222
171.json,166
128.json,126
153.json,93
135.json,205
160.json,168
99.json,47
98.json,73
97.json,274
96.json,150
95.json,219
127.json,113
94.json,137
93.json,87
92.json,116
91.json,7
109.json,190
90.json,263
134.json,157
116.json,142
141.json,151
123.json,143
59.json,134
58.json,132
57.json,107
56.json,203
105.json,114
55.json,119
54.json,254
130.json,148
53.json,173
52.json,175
51.json,55
189.json,413
50.json,31
122.json,112
196.json,70
104.json,230
178.json,242
111.json,99
185.json,172
0.json,107
89.json,56
88.json,129
192.json,148
87.json,70
86.json,329
177.json,244
85.json,105
100.json,98
84.json,200
83.json,57
82.json,73
159.json,86
81.json,141
80.json,169
184.json,286
166.json,59
191.json,142
148.json,204
6.json,72
173.json,107
49.json,251
1.json,35
48.json,182
47.json,94
155.json,133
46.json,48
45.json,59
180.json,164
44.json,105
43.json,95
42.json,247
41.json,164
162.json,143
40.json,222
147.json,199
129.json,255
154.json,145
7.json,130
136.json,65
2.json,215
161.json,160
118.json,61
143.json,197
125.json,164
150.json,139
117.json,331
8.json,166
142.json,95
3.json,164
124.json,202
198.json,71
106.json,272
39.json,119
38.json,91
131.json,80
37.json,397
36.json,214
35.json,133
34.json,164
113.json,170
33.json,106
32.json,72
31.json,218
30.json,82
197.json,102
120.json,46
9.json,110
179.json,42
4.json,246
112.json,16
186.json,401
168.json,170
193.json,75
101.json,288
175.json,170
182.json,51
5.json,170
167.json,271
149.json,71
174.json,62
156.json,135
29.json,88
28.json,232
181.json,254
27.json,271
26.json,117
138.json,305
25.json,232
24.json,215
163.json,227
23.json,119
22.json,149
21.json,193
145.json,151
20.json,71
170.json,168
152.json,145
137.json,139
119.json,218
144.json,104
