79.json,92
78.json,135
77.json,97
76.json,139
75.json,184
74.json,69
73.json,134
72.json,149
71.json,136
70.json,147
19.json,114
18.json,130
17.json,105
16.json,151
15.json,111
14.json,117
13.json,127
12.json,115
11.json,116
10.json,154
69.json,181
68.json,118
67.json,77
66.json,143
65.json,76
64.json,98
63.json,109
62.json,118
61.json,175
60.json,142
99.json,87
98.json,148
97.json,148
96.json,149
95.json,130
94.json,164
93.json,132
92.json,113
91.json,139
90.json,124
59.json,133
58.json,105
57.json,130
56.json,89
55.json,140
54.json,89
53.json,140
52.json,148
51.json,110
50.json,95
0.json,138
89.json,115
88.json,122
87.json,110
86.json,158
85.json,105
84.json,149
83.json,107
82.json,97
81.json,107
80.json,139
6.json,128
49.json,129
1.json,142
48.json,136
47.json,168
46.json,123
45.json,127
44.json,92
43.json,162
42.json,122
41.json,198
40.json,129
7.json,146
2.json,156
8.json,120
3.json,92
39.json,74
38.json,80
37.json,139
36.json,113
35.json,105
34.json,161
33.json,120
32.json,100
31.json,101
30.json,147
9.json,131
4.json,145
5.json,154
29.json,127
28.json,112
27.json,135
26.json,118
25.json,97
24.json,134
23.json,118
22.json,136
21.json,159
20.json,181
